'median-Raw intensity','median-Gray mean ws=3','median-Gray median ws=3','median-Gray std-dev ws=3','median-Gray range ws=3','median-Gradient sobelx','median-Gradient sobely','median-Gradient sobelxy','median-Gradient sobelyx','median-Gradient x','median-Gradient y','median-Gradient magnitude','median-Gradient dx','median-Gradient dy','median-Gradient diagonal','median-Haralick entropy ws=3','median-Haralick energy ws=3','median-Haralick inertia ws=3','median-Haralick idm ws=3','median-Haralick correlation ws=3','median-Haralick info1 ws=3','median-Haralick info2 ws=3','median-Haralick sum-av ws=3','median-Haralick sum-var ws=3','median-Haralick sum-ent ws=3','median-Haralick diff-av ws=3','median-Haralick diff-var ws=3','median-Haralick diff-ent ws=3',"'median-Gabor XY-?=0.393, ?=0.765, BW=1'","'median-Gabor XY-?=0.785, ?=0.765, BW=1'","'median-Gabor XY-?=1.178, ?=0.765, BW=1'","'median-Gabor XY-?=1.571, ?=0.765, BW=1'","'median-Gabor XY-?=1.963, ?=0.765, BW=1'","'median-Gabor XY-?=2.356, ?=0.765, BW=1'","'median-Gabor XY-?=2.749, ?=0.765, BW=1'",'median-Laws E3E3','median-Laws E3L3','median-Laws E3S3','median-Laws L3E3','median-Laws L3L3','median-Laws L3S3','median-Laws S3E3','median-Laws S3L3','median-Laws S3S3','median-CoLlAGe entropy ws=3','median-CoLlAGe energy ws=3','median-CoLlAGe inertia ws=3','median-CoLlAGe idm ws=3','median-CoLlAGe correlation ws=3','median-CoLlAGe info1 ws=3','median-CoLlAGe info2 ws=3','median-CoLlAGe sum-av ws=3','median-CoLlAGe sum-var ws=3','median-CoLlAGe sum-ent ws=3','median-CoLlAGe diff-av ws=3','median-CoLlAGe diff-var ws=3','median-CoLlAGe diff-ent ws=3','var-Raw intensity','var-Gray mean ws=3','var-Gray median ws=3','var-Gray std-dev ws=3','var-Gray range ws=3','var-Gradient sobelx','var-Gradient sobely','var-Gradient sobelxy','var-Gradient sobelyx','var-Gradient x','var-Gradient y','var-Gradient magnitude','var-Gradient dx','var-Gradient dy','var-Gradient diagonal','var-Haralick entropy ws=3','var-Haralick energy ws=3','var-Haralick inertia ws=3','var-Haralick idm ws=3','var-Haralick correlation ws=3','var-Haralick info1 ws=3','var-Haralick info2 ws=3','var-Haralick sum-av ws=3','var-Haralick sum-var ws=3','var-Haralick sum-ent ws=3','var-Haralick diff-av ws=3','var-Haralick diff-var ws=3','var-Haralick diff-ent ws=3',"'var-Gabor XY-?=0.393, ?=0.765, BW=1'","'var-Gabor XY-?=0.785, ?=0.765, BW=1'","'var-Gabor XY-?=1.178, ?=0.765, BW=1'","'var-Gabor XY-?=1.571, ?=0.765, BW=1'","'var-Gabor XY-?=1.963, ?=0.765, BW=1'","'var-Gabor XY-?=2.356, ?=0.765, BW=1'","'var-Gabor XY-?=2.749, ?=0.765, BW=1'",'var-Laws E3E3','var-Laws E3L3','var-Laws E3S3','var-Laws L3E3','var-Laws L3L3','var-Laws L3S3','var-Laws S3E3','var-Laws S3L3','var-Laws S3S3','var-CoLlAGe entropy ws=3','var-CoLlAGe energy ws=3','var-CoLlAGe inertia ws=3','var-CoLlAGe idm ws=3','var-CoLlAGe correlation ws=3','var-CoLlAGe info1 ws=3','var-CoLlAGe info2 ws=3','var-CoLlAGe sum-av ws=3','var-CoLlAGe sum-var ws=3','var-CoLlAGe sum-ent ws=3','var-CoLlAGe diff-av ws=3','var-CoLlAGe diff-var ws=3','var-CoLlAGe diff-ent ws=3','kurtosis-Raw intensity','kurtosis-Gray mean ws=3','kurtosis-Gray median ws=3','kurtosis-Gray std-dev ws=3','kurtosis-Gray range ws=3','kurtosis-Gradient sobelx','kurtosis-Gradient sobely','kurtosis-Gradient sobelxy','kurtosis-Gradient sobelyx','kurtosis-Gradient x','kurtosis-Gradient y','kurtosis-Gradient magnitude','kurtosis-Gradient dx','kurtosis-Gradient dy','kurtosis-Gradient diagonal','kurtosis-Haralick entropy ws=3','kurtosis-Haralick energy ws=3','kurtosis-Haralick inertia ws=3','kurtosis-Haralick idm ws=3','kurtosis-Haralick correlation ws=3','kurtosis-Haralick info1 ws=3','kurtosis-Haralick info2 ws=3','kurtosis-Haralick sum-av ws=3','kurtosis-Haralick sum-var ws=3','kurtosis-Haralick sum-ent ws=3','kurtosis-Haralick diff-av ws=3','kurtosis-Haralick diff-var ws=3','kurtosis-Haralick diff-ent ws=3',"'kurtosis-Gabor XY-?=0.393, ?=0.765, BW=1'","'kurtosis-Gabor XY-?=0.785, ?=0.765, BW=1'","'kurtosis-Gabor XY-?=1.178, ?=0.765, BW=1'","'kurtosis-Gabor XY-?=1.571, ?=0.765, BW=1'","'kurtosis-Gabor XY-?=1.963, ?=0.765, BW=1'","'kurtosis-Gabor XY-?=2.356, ?=0.765, BW=1'","'kurtosis-Gabor XY-?=2.749, ?=0.765, BW=1'",'kurtosis-Laws E3E3','kurtosis-Laws E3L3','kurtosis-Laws E3S3','kurtosis-Laws L3E3','kurtosis-Laws L3L3','kurtosis-Laws L3S3','kurtosis-Laws S3E3','kurtosis-Laws S3L3','kurtosis-Laws S3S3','kurtosis-CoLlAGe entropy ws=3','kurtosis-CoLlAGe energy ws=3','kurtosis-CoLlAGe inertia ws=3','kurtosis-CoLlAGe idm ws=3','kurtosis-CoLlAGe correlation ws=3','kurtosis-CoLlAGe info1 ws=3','kurtosis-CoLlAGe info2 ws=3','kurtosis-CoLlAGe sum-av ws=3','kurtosis-CoLlAGe sum-var ws=3','kurtosis-CoLlAGe sum-ent ws=3','kurtosis-CoLlAGe diff-av ws=3','kurtosis-CoLlAGe diff-var ws=3','kurtosis-CoLlAGe diff-ent ws=3','skewness-Raw intensity','skewness-Gray mean ws=3','skewness-Gray median ws=3','skewness-Gray std-dev ws=3','skewness-Gray range ws=3','skewness-Gradient sobelx','skewness-Gradient sobely','skewness-Gradient sobelxy','skewness-Gradient sobelyx','skewness-Gradient x','skewness-Gradient y','skewness-Gradient magnitude','skewness-Gradient dx','skewness-Gradient dy','skewness-Gradient diagonal','skewness-Haralick entropy ws=3','skewness-Haralick energy ws=3','skewness-Haralick inertia ws=3','skewness-Haralick idm ws=3','skewness-Haralick correlation ws=3','skewness-Haralick info1 ws=3','skewness-Haralick info2 ws=3','skewness-Haralick sum-av ws=3','skewness-Haralick sum-var ws=3','skewness-Haralick sum-ent ws=3','skewness-Haralick diff-av ws=3','skewness-Haralick diff-var ws=3','skewness-Haralick diff-ent ws=3',"'skewness-Gabor XY-?=0.393, ?=0.765, BW=1'","'skewness-Gabor XY-?=0.785, ?=0.765, BW=1'","'skewness-Gabor XY-?=1.178, ?=0.765, BW=1'","'skewness-Gabor XY-?=1.571, ?=0.765, BW=1'","'skewness-Gabor XY-?=1.963, ?=0.765, BW=1'","'skewness-Gabor XY-?=2.356, ?=0.765, BW=1'","'skewness-Gabor XY-?=2.749, ?=0.765, BW=1'",'skewness-Laws E3E3','skewness-Laws E3L3','skewness-Laws E3S3','skewness-Laws L3E3','skewness-Laws L3L3','skewness-Laws L3S3','skewness-Laws S3E3','skewness-Laws S3L3','skewness-Laws S3S3','skewness-CoLlAGe entropy ws=3','skewness-CoLlAGe energy ws=3','skewness-CoLlAGe inertia ws=3','skewness-CoLlAGe idm ws=3','skewness-CoLlAGe correlation ws=3','skewness-CoLlAGe info1 ws=3','skewness-CoLlAGe info2 ws=3','skewness-CoLlAGe sum-av ws=3','skewness-CoLlAGe sum-var ws=3','skewness-CoLlAGe sum-ent ws=3','skewness-CoLlAGe diff-av ws=3','skewness-CoLlAGe diff-var ws=3','skewness-CoLlAGe diff-ent ws=3',Male (0) or Female (1)
0.35384,0.35375,0.35384,0.024725,0.07451,-1.11E-16,0,-1.11E-16,1.11E-16,0,0,0.02724,0,0,0,4.5515,0.04784,19.528,0.29844,0.36644,-0.12507,0.73276,87.722,31.59,3.7947,3.4167,7.75,2.9745,0.31775,0.44093,0.31775,0.38169,0.31775,0.44092,0.31775,0,0,0,1.11E-16,5.6575,0,0,1.11E-16,0,NaN,NaN,NaN,NaN,NaN,NaN,NaN,NaN,NaN,NaN,NaN,NaN,NaN,0.0082982,0.0074972,0.0076455,0.00017904,0.0014672,0.029486,0.036735,0.035342,0.035098,0.00056688,0.00068065,0.00033295,0.00074933,0.00088664,0.0014583,0.26301,0.0010782,715.11,0.0078606,0.01656,0.0010542,0.011228,785.27,3161,0.22152,2.5493,111.83,0.18186,0.0067927,0.012655,0.0067742,0.0096196,0.0067742,0.012655,0.0067927,0.0028752,0.036735,0.00099943,0.029486,1.959,0.0090797,0.0010428,0.010726,0.00060241,NaN,NaN,NaN,NaN,NaN,NaN,NaN,NaN,NaN,NaN,NaN,NaN,NaN,2.9364,2.9158,2.9187,8.9263,6.7096,3.7221,5.4201,4.2961,4.2963,3.694,5.0719,7.4101,3.8347,4.9012,4.1222,4.67,30.204,107.81,4.1169,5.1217,3.3529,9.934,2.9028,115.07,3.4891,8.5221,127.31,3.0419,2.9389,2.9305,2.9415,2.9327,2.9415,2.9305,2.9389,3.6277,5.4201,4.441,3.7221,2.9178,4.4975,4.458,5.2962,5.9872,NaN,NaN,NaN,NaN,NaN,NaN,NaN,NaN,NaN,NaN,NaN,NaN,NaN,0.42558,0.44487,0.43935,1.5399,1.3067,-0.016722,0.15083,0.053329,0.058299,0.013545,0.13081,1.3712,-0.010308,-0.076865,-0.028496,-1.1484,3.7864,6.4164,0.89258,-1.3527,0.73368,-1.918,0.44302,6.5554,-0.66498,1.4517,7.1195,-0.30884,0.42271,0.42905,0.42448,0.42613,0.42448,0.42906,0.42271,-0.00088527,0.15083,0.0045149,0.016722,0.44062,-0.045296,0.0038571,0.064557,-0.015193,NaN,NaN,NaN,NaN,NaN,NaN,NaN,NaN,NaN,NaN,NaN,NaN,NaN,0
0.41569,0.41394,0.41569,0.0048029,0.011765,-5.55E-17,0,-1.11E-16,1.11E-16,0,0,0.0055459,0,0,0,2.9944,0.14506,1.6389,0.60719,0.38851,-0.090525,0.56388,93.139,2.7307,2.4789,0.94444,0.74306,1.6258,0.37285,0.51738,0.37303,0.44818,0.37303,0.51737,0.37285,0,0,0,5.55E-17,6.6235,0,0,0,0,4.4267,0.054012,207.28,0.29842,0.060482,-0.1271,0.7335,59.556,210.44,3.8055,9.5278,115.69,3.2585,0.0065519,0.0065115,0.0065282,1.52E-05,0.00011675,0.0013858,0.0022725,0.002026,0.0020513,2.31E-05,3.69E-05,2.14E-05,3.04E-05,4.88E-05,7.48E-05,1.0862,0.032508,15.815,0.023779,0.034809,0.0020331,0.052043,1456,79.771,0.63802,0.45673,3.1331,0.30081,0.0052991,0.010178,0.0052959,0.0076355,0.0052959,0.010178,0.0052991,3.04E-05,0.0022725,2.77E-05,0.0013858,1.6691,0.00035659,3.11E-05,0.00063636,5.98E-05,0.51937,0.0048089,1.15E+05,0.014603,0.026227,0.001488,0.021652,528.63,1.30E+05,0.43777,47.176,25027,0.43479,2.7282,2.7292,2.7286,8.198,7.0047,6.2042,6.4846,5.1197,5.0387,6.04,6.347,7.4708,7.1836,8.3763,6.0134,2.8616,7.5715,44.785,2.5007,3.7186,2.2932,3.0795,2.7279,55.415,3.0692,6.7779,51.52,2.9753,2.7274,2.7283,2.7288,2.7276,2.7288,2.7283,2.7274,6.843,6.4846,4.5097,6.2042,2.7289,6.8578,4.9928,7.5056,3.6759,5.9259,49.833,5.0857,5.2632,2.7788,3.4603,9.5249,2.0193,5.6058,4.6451,2.7798,4.9018,3.4621,0.45376,0.45874,0.45673,1.79,1.5821,0.01481,0.018734,0.0136,-0.13063,-0.017849,0.015994,1.6372,-0.03139,-0.01581,0.094771,-0.43883,2.11,4.7775,0.15421,-1.2285,0.4822,-1.0785,0.45868,5.3507,-0.4281,1.4721,5.2279,0.013449,0.45275,0.45468,0.45367,0.45366,0.45367,0.45468,0.45275,-0.0097549,0.018734,0.0049556,-0.01481,0.45767,-0.028266,0.00013152,0.055803,0.0025363,-1.4316,5.5441,1.505,1.215,-0.064462,0.87792,-2.1754,0.27708,1.6158,-1.0466,0.69577,1.4075,-0.6779,0
0.58039,0.58039,0.58039,0.0073656,0.023529,-0.0039216,-0.0039216,-0.0039216,0,0,0,0.0080845,0,0,0,3.6167,0.097222,3.2778,0.50327,0.34624,-0.089747,0.58486,132.19,5.0455,2.8816,1.3611,1.4159,2.0374,0.52176,0.72401,0.52176,0.62665,0.52176,0.72402,0.52176,0,-0.0039216,0,0.0039216,9.2902,0,0,0,0,4.8156,0.03858,336.33,0.23564,0.064255,-0.14475,0.78679,59.444,345.41,4.1835,12.833,167.9,3.6944,0.010355,0.010273,0.010297,2.32E-05,0.00019016,0.0026202,0.004163,0.0036607,0.0037257,4.83E-05,7.23E-05,3.76E-05,6.73E-05,9.88E-05,0.00015046,0.7236,0.012376,37.981,0.018295,0.026443,0.0014822,0.033181,1869,173.37,0.43995,0.6095,6.0812,0.24024,0.0083774,0.016079,0.0083725,0.012066,0.0083725,0.016079,0.0083774,0.00018092,0.004163,0.00010391,0.0026202,2.634,0.00088975,0.00011109,0.0013475,0.00012118,0.22677,0.00085763,99682,0.0069757,0.02479,0.0009422,0.0084684,397.45,1.15E+05,0.2064,37.126,19280,0.22881,2.3048,2.2955,2.2981,12.287,9.2037,4.1384,7.1742,5.8059,5.143,4.0511,6.6107,9.9357,4.4203,7.0637,4.9951,3.5578,14.817,103.2,3.0065,3.7319,2.6125,4.7221,2.2896,104.99,3.4011,11.147,125.74,3.1642,2.306,2.3029,2.3058,2.3043,2.3058,2.3029,2.306,4.1773,7.1742,6.3391,4.1384,2.2973,5.6223,5.6609,10.423,6.5055,6.1328,45.521,4.3346,5.2862,2.6844,4.4682,17.041,2.2974,4.1675,4.6737,2.7221,4.1048,3.7799,-0.29554,-0.2913,-0.29272,2.0861,1.7388,0.013853,0.021058,0.039253,0.0075817,-0.010609,0.018864,1.7912,-0.0023447,-0.014671,-0.011924,-0.73518,2.9852,7.4814,0.41903,-1.0937,0.42708,-1.3256,-0.291,7.4476,-0.4822,1.8445,8.2759,-0.10816,-0.29617,-0.29477,-0.29583,-0.29544,-0.29583,-0.29477,-0.29617,-0.0023001,0.021058,-0.00042148,-0.013853,-0.29222,0.044965,-0.0026142,0.3132,-0.0041132,-1.546,4.7245,1.2013,1.2564,-0.16594,1.1822,-2.7556,0.29902,1.1795,-1.1549,0.4331,1.0923,-0.88877,0
0.23137,0.23137,0.23137,0.007009,0.019608,-8.33E-17,-0.0039216,-0.0039216,0,0,0,0.0080845,0,0,0,3.2523,0.12346,1.8889,0.57663,0.39829,-0.092221,0.5723,69.278,3.3233,2.626,1.0278,0.83951,1.7108,0.20799,0.28855,0.20798,0.2498,0.20798,0.28855,0.20799,0,-0.0039216,0,8.33E-17,3.702,-1.39E-17,0,0,0,4.628,0.044753,240.06,0.27123,0.079042,-0.13652,0.7638,58.944,243.62,4.0033,10.389,128.89,3.4613,0.0099885,0.0099073,0.0099402,3.03E-05,0.00025579,0.0039114,0.0040892,0.0043508,0.0044839,6.57E-05,6.85E-05,4.58E-05,7.67E-05,8.13E-05,0.00015037,0.9465,0.021857,18.783,0.023208,0.02599,0.0017292,0.043231,1229.4,111.84,0.56476,0.53714,2.3028,0.26195,0.0080786,0.015512,0.0080763,0.011638,0.0080763,0.015512,0.0080786,0.0001197,0.0040892,5.30E-05,0.0039114,2.5408,0.0005308,5.50E-05,0.00063363,7.28E-05,0.35847,0.0017509,99672,0.011339,0.028774,0.0012037,0.013749,534.92,1.21E+05,0.32779,41.414,21305,0.36695,3.4958,3.4964,3.4997,8.077,7.7701,6.7884,5.2045,5.5041,5.744,6.4865,5.0919,7.5125,6.223,5.0419,5.4201,2.9555,9.0556,46.874,2.5941,3.6579,2.585,3.8583,3.4866,52.987,3.057,7.682,41.244,3.0717,3.4931,3.496,3.4982,3.4937,3.4982,3.496,3.4931,5.0379,5.2045,5.2538,6.7884,3.4964,6.7086,5.3179,7.2068,4.1991,5.0264,29.651,5.1713,4.3074,2.634,3.8086,11.942,1.958,5.0517,3.8355,2.8345,4.7422,3.0902,0.80442,0.80893,0.80845,1.8324,1.7712,0.070098,-0.010256,-0.11416,-0.099765,-0.055702,-0.011186,1.7034,0.012847,0.0014532,0.055818,-0.4247,2.2975,4.6692,0.025155,-1.2387,0.54099,-1.2152,0.80481,5.0192,-0.28932,1.7114,4.3872,0.23667,0.8032,0.80528,0.80462,0.80408,0.80462,0.80528,0.8032,0.026333,-0.010256,0.010321,-0.070098,0.80799,0.07468,0.011299,0.23593,-0.0038052,-1.3427,4.0083,1.4658,1.0719,-0.18928,0.99348,-2.3506,0.27121,1.4641,-0.97086,0.61067,1.3203,-0.70238,0
0.49412,0.4963,0.49804,0.0093581,0.027451,-0.0039216,0,-1.11E-16,0.0039216,0,0,0.0098039,0,0,0,3.6524,0.094136,3.75,0.48611,0.35143,-0.092631,0.59534,128.92,5.6543,2.9242,1.4444,1.5833,2.0872,0.44591,0.61847,0.44596,0.5354,0.44596,0.61847,0.44591,0,0,0,0.0039216,7.9373,0,0,-5.55E-17,0,4.7255,0.041667,307.82,0.25014,0.064538,-0.13992,0.77455,59.25,312.81,4.0934,12.139,156.56,3.5957,0.016331,0.016189,0.016245,4.73E-05,0.00039754,0.0050234,0.0072446,0.0066147,0.0068075,8.96E-05,0.00012433,7.47E-05,0.00013094,0.00015766,0.00026774,0.83041,0.015043,51.192,0.022182,0.032727,0.0016047,0.036074,2053.8,270.12,0.52325,0.85526,7.3694,0.30815,0.013211,0.025355,0.013206,0.019026,0.013206,0.025355,0.013211,0.00027918,0.0072446,0.00015516,0.0050234,4.1517,0.002186,0.00015585,0.00166,0.00016065,0.2874,0.0012239,99820,0.0086196,0.025845,0.0010794,0.011077,472.47,1.17E+05,0.26243,39.825,19977,0.29035,2.2959,2.2879,2.2912,7.8148,7.1611,4.8625,6.2704,5.5404,5.8441,4.8223,6.0216,7.6225,4.6147,5.9503,5.5033,3.5709,15.029,29.18,2.941,3.8131,2.6053,4.6246,2.2904,39.603,3.4119,6.6468,25.664,2.9751,2.2969,2.2943,2.297,2.2954,2.297,2.2944,2.2969,4.8464,6.2704,6.0336,4.8625,2.2895,4.6601,6.0936,5.7816,7.3473,5.4662,39.072,4.4204,4.6068,2.7028,4.1214,14.256,2.0491,4.2805,4.114,2.634,4.1617,3.3296,-0.32214,-0.31622,-0.31895,1.7302,1.6136,0.044957,-0.066702,-0.14173,-0.163,-0.037222,-0.071408,1.7058,0.01421,0.064441,0.12464,-0.77866,3.067,3.9461,0.47403,-1.1389,0.44755,-1.3244,-0.31196,4.743,-0.51989,1.4416,3.6855,-0.14628,-0.32293,-0.32102,-0.32271,-0.32189,-0.32271,-0.32102,-0.32293,0.002995,-0.066702,0.0097399,-0.044957,-0.31744,-0.015671,0.010903,0.23164,-0.017553,-1.4211,4.3964,1.2236,1.1195,-0.1616,1.0843,-2.5572,0.26258,1.2251,-1.0357,0.41662,1.1122,-0.77821,0
0.2549,0.25577,0.2549,0.013725,0.043137,-0.0039216,-0.0078431,-0.0078431,0,0,0,0.013865,0,0,0,3.8712,0.080247,5.0278,0.44548,0.23022,-0.086732,0.59244,68.667,6.4444,3.051,1.6944,2.1173,2.2757,0.23,0.31911,0.23001,0.27612,0.23001,0.31911,0.23,0,-0.0078431,0,0.0039216,4.0941,-1.67E-16,0,-2.22E-16,0,4.8366,0.037037,394.42,0.21742,0.036272,-0.14545,0.79163,60.361,393.28,4.2391,14.389,183.36,3.7947,0.013972,0.013734,0.013793,6.13E-05,0.00050811,0.0086444,0.010092,0.0093827,0.010754,0.00017781,0.00019826,0.00011709,0.00031054,0.00036115,0.00053775,0.40353,0.0032793,45.563,0.010743,0.036657,0.0013072,0.022442,987.37,201.95,0.27605,0.60086,8.5702,0.1699,0.011326,0.021637,0.011314,0.016267,0.011314,0.021638,0.011326,0.00080375,0.010092,0.00098791,0.0086444,3.5252,0.0043811,0.0011259,0.0059384,0.0021449,0.21207,0.00071468,93689,0.0064526,0.019856,0.00096196,0.008684,384.53,1.01E+05,0.20727,36.722,16653,0.23299,3.0134,3.0154,3.0166,10.012,8.3902,6.0422,5.5353,5.1715,5.8535,5.416,5.0146,9.0764,4.966,4.8764,5.3448,3.4161,16.092,47.87,3.0889,2.8499,2.4621,4.6653,3.0068,76.98,2.9444,7.7424,47.924,3.0497,3.0118,3.0133,3.0152,3.0119,3.0152,3.0133,3.0118,4.7349,5.5353,4.4373,6.0422,3.0146,4.1385,4.4065,4.4961,5.4322,6.4241,36.783,3.7429,5.7195,2.8442,4.4629,14.745,2.1533,3.7255,4.9797,2.5744,3.9225,4.2502,0.58165,0.59631,0.59531,1.9565,1.7067,0.014965,0.055254,1.86E-05,-0.11588,-0.043999,0.015413,1.7873,-0.0029911,0.00063681,0.084501,-0.62673,2.7772,4.5975,0.37776,-0.65491,0.1583,-1.0612,0.59218,5.9789,-0.14413,1.5043,4.7942,0.073563,0.57862,0.58499,0.5806,0.58199,0.5806,0.58499,0.57862,-0.009276,0.055254,-0.008328,-0.014965,0.59389,0.056084,-0.00063511,0.18152,0.0018531,-1.6406,4.3785,0.93288,1.3696,-0.047289,1.2101,-2.6041,0.21075,0.95049,-1.2838,0.11744,0.91464,-1.0761,0
0.38431,0.38388,0.38431,0.010458,0.031373,0,-5.55E-17,-5.55E-17,0,0,0,0.010559,0,0,0,3.586,0.098765,3.5,0.49747,0.1944,-0.071289,0.52279,76.389,4.2863,2.7942,1.3889,1.5154,2.0699,0.34644,0.47979,0.34671,0.41547,0.34671,0.47979,0.34644,0,-5.55E-17,0,0,6.1412,0,0,0,0,4.9267,0.035494,426.75,0.1994,0.037127,-0.15105,0.80451,60.833,421.3,4.3502,15.278,191.41,3.9058,0.012594,0.012474,0.012495,2.03E-05,0.00017802,0.0038358,0.004161,0.00416,0.0042642,8.22E-05,9.01E-05,4.48E-05,0.00017207,0.00015163,0.00025426,0.6137,0.01201,7.3812,0.01441,0.033897,0.0012476,0.029021,1063.8,26.806,0.34164,0.2924,1.1454,0.16861,0.01019,0.019539,0.010193,0.014665,0.010193,0.019539,0.01019,0.00047557,0.004161,0.00065609,0.0038358,3.1977,0.003774,0.00047186,0.0023214,0.00066488,0.15428,0.00048497,75475,0.0048324,0.01819,0.00076312,0.0058244,310.78,80980,0.14782,29.099,12449,0.16757,2.739,2.7365,2.7365,4.5855,4.3491,3.7086,3.8711,3.7117,3.845,3.4601,3.5151,3.8369,3.4028,3.4071,3.3795,4.3079,17.762,8.3844,3.8682,2.6345,2.3999,4.0809,2.7323,19.301,4.3264,3.5582,8.1086,4.2275,2.739,2.7381,2.7403,2.7381,2.7403,2.7381,2.739,3.2021,3.8711,4.0263,3.7086,2.7366,3.8637,3.8889,3.5815,5.2186,8.5099,157.58,3.7643,7.2588,2.8983,5.0736,19.284,2.3741,3.6367,6.564,2.7802,3.9159,5.3965,0.44582,0.4525,0.45189,0.75658,0.67543,-0.072579,0.05214,-0.032844,-0.0034759,0.045253,0.034327,0.8086,-0.025492,-0.029311,-0.0058411,-0.97498,3.3072,1.6583,0.8246,-0.47219,0.088939,-1.0572,0.45279,2.9347,-0.82113,0.38567,1.5945,-0.73489,0.44472,0.44745,0.44483,0.44631,0.44483,0.44744,0.44472,-0.0052884,0.05214,0.0031763,0.072579,0.45149,0.0011964,-0.002363,-0.0025226,-0.0061949,-1.8905,7.6217,0.86208,1.5868,-0.052923,1.3352,-2.8941,0.20646,0.86272,-1.4997,0.059315,0.84581,-1.2695,0
0.26667,0.26667,0.26667,0.016867,0.05098,-0.0039216,-0.0078431,-0.0078431,0,0,0,0.016867,0,0,0,4.0487,0.070988,6.8611,0.40875,0.23649,-0.094942,0.62942,67.583,8.8025,3.225,2,2.8488,2.4396,0.24046,0.33346,0.24038,0.28857,0.24038,0.33342,0.24046,0,-0.0078431,0,0.0039216,4.2706,-0.0039216,0,-0.0039216,0,4.8366,0.037037,415.19,0.21757,0.037783,-0.1454,0.79163,60.833,415.23,4.2499,14.778,192.93,3.7947,0.01017,0.009774,0.0098785,0.00010594,0.00085795,0.012656,0.017732,0.015605,0.01703,0.00026587,0.00033974,0.00019834,0.00045308,0.00059484,0.00084059,0.34783,0.0020757,98.612,0.0098234,0.036561,0.0013071,0.019426,637.76,444.06,0.2668,0.90431,19.219,0.17887,0.0082802,0.015668,0.0082533,0.01183,0.0082533,0.015669,0.0082802,0.0013037,0.017732,0.0014134,0.012656,2.5183,0.0061241,0.0017607,0.0097238,0.0030684,0.20973,0.00072124,97083,0.0062172,0.020075,0.00094345,0.0083409,364.71,1.05E+05,0.20026,35.609,17242,0.22095,3.0029,2.9973,3.0076,8.2967,6.8724,5.8438,5.5081,5.2379,5.7421,5.4165,5.0996,8.4273,4.9004,5.1021,5.4409,3.3682,15.211,23.607,3.0338,2.8882,2.5072,4.9838,3.0138,36.871,2.8044,6.7277,26.295,2.9605,2.9994,3.001,3.009,2.9981,3.009,3.001,2.9994,5.079,5.5081,3.9957,5.8438,2.9978,4.0546,4.56,4.7366,4.9549,6.4407,41.05,3.7343,5.6864,2.8196,4.4084,14.514,2.2281,3.6952,5.067,2.6251,3.892,4.2577,0.61592,0.64487,0.64281,1.8554,1.6113,0.00028876,0.016264,-0.11878,-0.19016,-0.052419,-0.038236,1.804,0.014791,0.049895,0.17272,-0.64947,2.6366,3.5999,0.37486,-0.68863,0.22019,-1.1064,0.64496,4.6578,-0.12882,1.5085,3.8805,0.086876,0.60914,0.62241,0.61456,0.61583,0.61456,0.62241,0.60914,-0.068755,0.016264,0.0046841,-0.00028876,0.63998,0.14864,-0.026127,0.23949,0.0014774,-1.6413,4.5293,0.93746,1.3519,-0.051175,1.193,-2.5603,0.20256,0.95526,-1.2894,0.14175,0.92754,-1.0554,0
0.5098,0.51111,0.5098,0.0063368,0.019608,-5.55E-17,-5.55E-17,-5.55E-17,0,0,0,0.0070697,0,0,0,2.9584,0.14969,1.4167,0.62222,0.3638,-0.081275,0.51983,112.36,2.321,2.4116,0.86111,0.65664,1.5605,0.45872,0.63651,0.45866,0.55074,0.45866,0.63651,0.45872,0,-5.55E-17,0,5.55E-17,8.1765,0,0,0,0,4.7045,0.041667,265,0.25846,0.071434,-0.13837,0.77251,59.278,267.68,4.0651,11.111,138.03,3.5441,0.026988,0.026923,0.026952,2.12E-05,0.00018,0.0025955,0.0033536,0.0033059,0.0032335,4.51E-05,5.69E-05,3.36E-05,5.62E-05,6.96E-05,0.00011441,0.91021,0.02507,7.5704,0.019924,0.029091,0.0017363,0.045437,2826.1,45.018,0.52178,0.31766,0.96048,0.2154,0.021813,0.041954,0.02181,0.031452,0.02181,0.041954,0.021813,0.00011266,0.0033536,6.11E-05,0.0025955,6.8958,0.00050834,6.51E-05,0.00059647,8.08E-05,0.31783,0.0014497,92212,0.009861,0.02635,0.0011458,0.012287,509.11,1.10E+05,0.29335,39.376,18798,0.32851,2.1835,2.1824,2.1828,9.5272,8.845,4.4495,6.9017,5.7173,5.7554,4.3402,6.5126,8.4753,4.1583,6.1292,5.2915,2.8914,7.4938,57.535,2.7813,2.9758,2.2577,3.0711,2.1807,67.298,3.0561,8.9142,47.336,3.3587,2.1835,2.1833,2.1838,2.1833,2.1838,2.1833,2.1835,3.9534,6.9017,4.576,4.4495,2.1826,4.1182,4.6324,5.0658,4.3407,5.4234,36.558,4.8268,4.4242,2.6743,3.9052,12.704,1.9494,4.6384,4.0568,2.7121,4.4461,3.2184,0.17346,0.17544,0.17458,1.9712,1.8414,-0.020653,-0.016653,-0.090083,-0.12838,0.018131,-0.018878,1.7696,-0.018404,0.013018,0.1009,-0.31869,2.0239,5.252,-0.089405,-0.96575,0.34169,-0.95284,0.17573,5.7534,-0.22027,1.7846,4.782,0.25737,0.17311,0.17382,0.17338,0.17346,0.17338,0.17382,0.17311,0.022704,-0.016653,-0.00965,0.020653,0.17501,0.032907,-0.00084145,0.044883,0.0038719,-1.4218,4.3325,1.341,1.0892,-0.17199,1.032,-2.4138,0.24242,1.3297,-1.0287,0.51197,1.1961,-0.75408,0
0.23922,0.23791,0.23922,0.0033962,0.0078431,0,0,-2.78E-17,0,0,0,0.0039216,0,0,0,2.4178,0.21605,0.66667,0.725,0.39057,-0.084241,0.49765,84.944,1.2307,2.0562,0.58333,0.31173,1.1548,0.21482,0.29786,0.21482,0.2581,0.21482,0.29786,0.21482,0,0,0,0,3.8078,0,0,0,0,4.2255,0.061728,160.14,0.331,0.049666,-0.11857,0.70259,59.806,157.29,3.6077,8.1667,91.354,3.0305,0.0047092,0.0046904,0.0047009,7.22E-06,6.57E-05,0.00085954,0.0010723,0.0010698,0.0010915,1.40E-05,1.73E-05,1.07E-05,1.66E-05,2.04E-05,3.46E-05,1.2739,0.061194,2.2391,0.023963,0.037204,0.0025421,0.065016,852.11,13.492,0.75105,0.21438,0.25683,0.24706,0.0038071,0.0073187,0.003806,0.0054881,0.003806,0.0073187,0.0038071,1.08E-05,0.0010723,1.62E-05,0.00085954,1.2018,9.05E-05,1.65E-05,0.00011498,4.45E-05,0.67078,0.0083726,85952,0.017826,0.026019,0.0016129,0.027413,634.88,96234,0.53585,41.072,18497,0.51027,3.2596,3.2619,3.2613,7.3171,7.0264,5.8963,5.2429,5.3393,5.1011,5.7014,5.1315,6.6639,5.2982,4.9156,4.9201,2.5156,3.8822,32.106,2.6013,2.1971,1.9885,2.013,3.2622,34.744,2.7135,6.4487,25.039,3.3857,3.2591,3.26,3.2596,3.2595,3.2596,3.26,3.2591,3.7148,5.2429,3.0799,5.8963,3.2614,4.3279,3.3329,6.6893,3.1426,5.243,34.358,6.1817,4.9954,2.8642,3.2318,7.5892,1.778,6.2843,4.3216,3.1259,5.6466,3.1459,0.48232,0.48479,0.48369,1.6256,1.5916,0.11281,0.16164,0.14277,-0.031949,-0.10787,0.15345,1.466,0.049925,-0.14089,-0.0088917,-0.16994,1.358,4.149,-0.2791,-0.83053,0.26865,-0.68923,0.49168,4.3584,-0.32527,1.4351,3.6053,0.06416,0.48196,0.48277,0.48216,0.48238,0.48216,0.48277,0.48196,0.0062765,0.16164,-0.0028633,-0.11281,0.48424,-0.057271,-0.0019713,0.03695,0.0016167,-1.2907,4.7748,1.7257,1.1295,0.072999,0.77442,-1.9195,0.19565,1.7427,-0.94066,0.8337,1.5423,-0.51114,0
0.42353,0.42484,0.42353,0.011674,0.035294,-0.0039216,1.11E-16,0,0.0039216,0,0,0.012401,0,0,0,3.6513,0.094136,3.2222,0.50278,0.37139,-0.095057,0.60273,113.89,5.1011,2.9047,1.3611,1.3765,2.0169,0.38194,0.52989,0.38182,0.45825,0.38182,0.52988,0.38194,0,1.11E-16,0,0.0039216,6.8,-2.78E-17,0,0,0,4.7391,0.040123,317.61,0.24804,0.065495,-0.14092,0.77868,59.972,324.64,4.1179,12.333,161.1,3.6167,0.014953,0.014742,0.01481,6.29E-05,0.00052942,0.0074657,0.010623,0.010342,0.0093782,0.00013574,0.00018455,0.00010215,0.00017908,0.00024241,0.00036733,0.71508,0.0099794,31.263,0.018654,0.028329,0.0014768,0.030996,1087.6,168.2,0.4393,0.63889,4.7461,0.25547,0.012107,0.023191,0.012096,0.017418,0.012096,0.023191,0.012107,0.0004659,0.010623,0.00025592,0.0074657,3.7848,0.0019778,0.000292,0.0028655,0.00024231,0.29382,0.0014806,1.09E+05,0.0090172,0.026109,0.0010647,0.011091,467.42,1.26E+05,0.26293,40.937,21926,0.2919,2.7544,2.7569,2.7587,7.1799,7.1035,5.0764,4.9104,5.681,4.7686,4.9033,4.8358,7.1264,5.3326,4.9757,4.6773,3.2817,14.934,23.216,2.7616,4.0066,2.7615,5.2367,2.7656,31.005,3.131,6.2761,21.858,2.8675,2.7538,2.7549,2.7545,2.7542,2.7545,2.7549,2.7538,4.597,4.9104,8.8382,5.0764,2.7564,6.7437,7.6374,5.5818,13.842,6.5826,81.158,4.3195,5.3746,2.6822,4.3301,15.758,2.1256,4.2572,4.9738,2.6544,4.0527,3.7502,-0.25348,-0.25726,-0.25723,1.654,1.604,-0.067167,0.061937,-0.11519,0.034117,0.067352,0.040069,1.6236,-0.069518,-0.025585,-0.021396,-0.61517,2.9192,3.5386,0.27543,-1.2151,0.49643,-1.4166,-0.25603,4.2116,-0.32217,1.4244,3.4414,0.043786,-0.25318,-0.25431,-0.25273,-0.25394,-0.25273,-0.25429,-0.25318,0.036224,0.061937,-0.027009,0.067167,-0.2566,0.023922,0.0073254,0.061735,0.0085513,-1.5865,6.2077,1.223,1.2634,-0.15223,1.138,-2.7401,0.25563,1.231,-1.1856,0.44429,1.1115,-0.87851,0
0.24314,0.24444,0.24314,0.0041337,0.011765,-2.78E-17,0,-5.55E-17,0,0,0,0.0043844,0,0,0,2.6026,0.19136,1.0556,0.67222,0.35491,-0.078918,0.49449,88.722,1.6728,2.1863,0.72222,0.52083,1.4366,0.21908,0.30395,0.21902,0.2629,0.21902,0.30395,0.21908,0,0,0,2.78E-17,3.9137,0,0,0,0,4.4477,0.052469,210.03,0.29299,0.060133,-0.12775,0.73569,59.472,209.92,3.8373,9.5833,117.17,3.2919,0.0060671,0.0060329,0.0060491,1.43E-05,0.00011105,0.0014503,0.0017224,0.0017564,0.0017805,2.39E-05,2.82E-05,2.01E-05,3.14E-05,3.75E-05,6.48E-05,1.1597,0.048481,9.0371,0.023577,0.037568,0.0022371,0.059541,996.11,46.146,0.6833,0.33465,1.7315,0.28743,0.004906,0.0094256,0.0049045,0.0070698,0.0049045,0.0094256,0.004906,2.64E-05,0.0017224,2.71E-05,0.0014503,1.5462,0.00036695,2.95E-05,0.00047555,5.80E-05,0.49781,0.0042887,1.02E+05,0.014651,0.025938,0.0014773,0.021066,524.99,1.16E+05,0.42766,45.152,21495,0.43309,4.4304,4.4382,4.4377,11.59,9.771,9.9989,7.7519,6.4942,6.4494,9.4974,7.4831,10.321,11.392,9.2673,7.4554,2.6313,4.8183,87.708,2.5393,2.6084,1.9224,2.1454,4.4046,108.13,2.8781,9.2585,115.71,3.2612,4.4269,4.4319,4.432,4.4287,4.432,4.4319,4.4269,6.3568,7.7519,4.6014,9.9989,4.4366,10.61,5.0257,8.115,3.8305,5.8128,46.152,5.0399,5.1931,2.786,3.4539,9.6158,1.9585,5.5923,4.4918,2.7027,4.9015,3.3766,0.88417,0.88944,0.88775,2.2434,1.9906,-0.26756,0.17614,-0.085817,0.020974,0.24431,0.1613,2.042,-0.31066,-0.14509,-0.07598,-0.2982,1.5826,6.654,-0.052411,-0.83146,0.2141,-0.70165,0.87587,7.4197,-0.32988,1.811,7.4578,0.073061,0.88294,0.88517,0.8842,0.88397,0.8842,0.88517,0.88294,0.010101,0.17614,-0.0040667,0.26756,0.88833,-0.022161,-0.0026125,-0.021973,0.00179,-1.4329,5.3034,1.4639,1.2319,-0.070232,0.88025,-2.1833,0.25716,1.5736,-1.0476,0.63871,1.3564,-0.69259,0
0.38796,0.38752,0.38796,0.014068,0.043137,-4.44E-16,-0.0039216,-0.0039216,0,0,0,0.014275,0,0,0,4.1388,0.066358,9.8611,0.37749,0.26584,-0.10239,0.65704,66.028,13.157,3.3747,2.3611,4.1566,2.6077,0.34976,0.4846,0.34953,0.41965,0.34953,0.48463,0.34976,0,-0.0039216,0,4.44E-16,6.2043,-0.0025801,0,-0.0028574,0,4.8156,0.03858,417.14,0.22676,0.047189,-0.14332,0.78509,61.389,418.66,4.2045,14.694,195.84,3.746,0.0072321,0.0069247,0.0070235,9.91E-05,0.00077666,0.0096493,0.015525,0.012862,0.014198,0.00019839,0.00028657,0.00017287,0.00030255,0.00046823,0.00066267,0.39903,0.0027473,300.15,0.011649,0.033388,0.0013996,0.020614,947.62,1345.7,0.31172,1.7766,57.355,0.22907,0.0058944,0.011139,0.0058642,0.0084193,0.0058642,0.011139,0.0058944,0.00099941,0.015525,0.00081194,0.0096493,1.7861,0.003672,0.0010638,0.0078463,0.0014435,0.24074,0.00093129,1.01E+05,0.0069345,0.020406,0.0010092,0.0094185,372.94,1.12E+05,0.21926,36.293,18531,0.23628,3.4282,3.4823,3.4757,7.0948,6.3758,6.3038,5.4801,5.7841,5.6219,5.8361,5.2336,7.9593,5.282,5.4828,5.7695,3.6851,21.712,18.728,3.199,3.1518,2.5688,5.6535,3.431,30.589,2.9055,5.9939,19.814,2.7665,3.4114,3.4394,3.4317,3.4231,3.4317,3.4392,3.4114,5.219,5.4801,4.1864,6.3038,3.4725,4.3434,4.473,5.7282,3.6151,6.1742,45.306,3.6795,5.7427,2.8105,4.2185,14.361,2.2296,3.672,4.918,2.6054,3.8801,4.1297,0.64572,0.68352,0.67121,1.735,1.5663,-0.12877,-0.15885,-0.17278,-0.14391,0.06046,-0.13708,1.8051,-0.11654,0.1974,0.13815,-0.81183,3.2793,3.2296,0.52157,-0.82305,0.34919,-1.3118,0.67612,4.234,-0.31301,1.4487,3.3616,-0.010651,0.63728,0.65373,0.64424,0.64536,0.64424,0.65368,0.63728,-0.052114,-0.15885,0.0029922,0.12877,0.67671,0.088877,-0.018744,0.32085,0.0077812,-1.5776,4.6983,0.92919,1.329,-0.091133,1.1387,-2.5426,0.1827,0.95605,-1.2345,0.1432,0.93022,-0.99777,0
0.3614,0.36271,0.3614,0.0071895,0.019608,1.67E-16,-1.67E-16,0,-0.0026828,0,0,0.0078431,0,0,0,3.3491,0.11728,2.3056,0.55278,0.34752,-0.085897,0.55684,41.056,3.6728,2.6785,1.1389,1.0247,1.8399,0.32539,0.45145,0.32523,0.39054,0.32523,0.45145,0.32539,0,-1.67E-16,0,-1.67E-16,5.802,-5.55E-17,0,-5.55E-17,0,4.7601,0.040123,317.03,0.24623,0.061004,-0.14091,0.77868,61.278,324.23,4.1206,12.361,160.1,3.6275,0.010548,0.010455,0.010484,4.42E-05,0.00037514,0.0039623,0.0052744,0.0050144,0.0050195,7.26E-05,9.23E-05,6.80E-05,8.89E-05,0.00012713,0.00019487,1.0955,0.027945,56.314,0.028082,0.028389,0.0018145,0.046903,1412.6,270.7,0.68288,0.89291,8.2481,0.38049,0.008536,0.016375,0.0085276,0.012292,0.0085276,0.016375,0.008536,0.00026175,0.0052744,0.00011046,0.0039623,2.6811,0.00069504,0.00016032,0.0017518,0.00012634,0.27033,0.0015365,1.07E+05,0.0082106,0.024709,0.0010275,0.010159,439.1,1.21E+05,0.2436,40.847,20969,0.26835,4.5703,4.5637,4.5718,11.166,10.698,9.793,7.4551,8.1637,8.124,9.3869,7.4277,11.743,9.0684,7.5464,7.9336,3.0503,9.4491,69.623,2.5506,3.0616,2.3305,3.3389,4.6172,88.969,3.1223,9.6028,65.333,2.9622,4.5702,4.5687,4.5724,4.5687,4.5724,4.5688,4.5702,8.9909,7.4551,9.1362,9.793,4.5647,7.6889,9.1268,7.997,8.4108,8.3433,174.21,4.18,6.4664,2.7013,4.2529,16.025,2.1116,4.1491,6.2244,2.601,3.8986,4.3605,1.2912,1.2918,1.293,2.2033,2.114,-0.13462,0.23446,0.04232,0.076235,0.043058,0.23097,2.2512,-0.079209,-0.20177,-0.074713,-0.61203,2.4189,6.11,0.20766,-0.94581,0.3582,-1.0379,1.3018,6.9918,-0.4409,1.9369,5.9002,0.051763,1.2908,1.2913,1.2913,1.291,1.2913,1.2913,1.2908,0.001059,0.23446,0.00060465,0.13462,1.2916,0.048956,-0.030193,0.2802,0.023091,-1.7227,9.4067,1.1852,1.3392,-0.1217,1.1099,-2.7095,0.17764,1.2013,-1.2786,0.43315,1.0659,-0.92263,0
0.42022,0.42022,0.42022,0.0089378,0.027451,5.55E-17,-0.0039216,-1.11E-16,-0.0039216,0,0,0.0098039,0,0,0,3.5697,0.10031,3.25,0.50556,0.36367,-0.092446,0.58988,60.833,5.1636,2.8623,1.3333,1.3974,2.0014,0.37746,0.5236,0.3775,0.4535,0.3775,0.5236,0.37746,0,-0.0039216,0,-5.55E-17,6.7157,-5.55E-17,0,-5.55E-17,0,4.7255,0.041667,317.72,0.24997,0.062834,-0.13992,0.77455,60.944,324.68,4.1042,12.333,160.73,3.6042,0.031221,0.03107,0.03114,6.77E-05,0.00056569,0.0058913,0.0084504,0.0078386,0.0078401,0.00010545,0.0001446,0.00010269,0.00012823,0.00018695,0.00028887,1.1016,0.026045,99.041,0.029408,0.028788,0.0018477,0.045258,3842.7,527.81,0.71709,1.2075,14.28,0.4183,0.025245,0.04851,0.025235,0.036384,0.025235,0.04851,0.025245,0.00033029,0.0084504,0.00014114,0.0058913,7.9618,0.0010156,0.00019328,0.0021863,0.0001541,0.28499,0.0013059,1.09E+05,0.0085778,0.025016,0.0010637,0.010852,444.76,1.24E+05,0.25447,41.449,21613,0.28246,2.5492,2.5534,2.5521,10.366,9.5442,9.2684,7.2763,7.6612,7.8159,8.6179,7.1088,10.308,8.2913,7.1747,7.7943,3.4441,12.053,64.987,2.7407,3.3645,2.4393,3.7684,2.5432,84.059,3.3805,9.0757,66.533,3.0172,2.5486,2.5499,2.5489,2.5493,2.5489,2.5499,2.5486,6.4061,7.2763,6.9869,9.2684,2.5525,6.6413,7.4612,7.4779,8.7863,6.0014,55.825,4.2452,4.8819,2.7166,4.1593,14.991,2.1224,4.2227,4.5293,2.6148,3.9357,3.5507,0.74858,0.74958,0.74997,2.0785,1.9578,-0.32358,0.18959,0.19424,0.32613,0.25291,0.1855,2.0738,-0.2629,-0.132,-0.28572,-0.80449,2.8245,5.8908,0.42925,-1.0563,0.43598,-1.1681,0.74508,6.7718,-0.60292,1.8412,5.8909,-0.14805,0.74839,0.74879,0.74848,0.74859,0.74848,0.74878,0.74839,-0.033934,0.18959,0.04236,0.32358,0.74939,0.084793,0.027503,0.24323,0.0020509,-1.5041,5.1264,1.2011,1.1677,-0.12144,1.088,-2.6266,0.19801,1.2235,-1.105,0.44112,1.0776,-0.8189,0
0.38101,0.38275,0.38101,0.008421,0.023529,2.78E-16,0,0,-0.00030198,0,0,0.0087689,0,0,0,3.4846,0.10648,2.7778,0.52435,0.37,-0.091281,0.58236,44.639,4.5278,2.7942,1.25,1.2006,1.9217,0.34329,0.47666,0.34347,0.41219,0.34347,0.47666,0.34329,0,0,0,-2.78E-16,6.1236,0,0,0,0,NaN,NaN,NaN,NaN,NaN,NaN,NaN,NaN,NaN,NaN,NaN,NaN,NaN,0.01869,0.018551,0.018598,7.57E-05,0.00064258,0.010857,0.0073757,0.010143,0.009962,0.00012574,0.00012654,0.0001129,0.00043277,0.00015103,0.00055938,1.4477,0.043863,109.15,0.037069,0.030003,0.0020759,0.055017,2252.5,604.82,0.9428,1.3329,14.582,0.52292,0.015114,0.029019,0.01512,0.02177,0.01512,0.029019,0.015114,0.00029262,0.0073757,0.00013675,0.010857,4.7548,0.0067879,0.00011741,0.0012034,0.00011983,NaN,NaN,NaN,NaN,NaN,NaN,NaN,NaN,NaN,NaN,NaN,NaN,NaN,3.7904,3.7853,3.7944,11.28,10.402,113.54,9.3789,45.396,47.067,9.0393,8.887,11.112,384.45,8.5183,231.73,3.1557,8.3867,96.721,2.5406,2.9163,2.2811,3.1256,3.7866,121.27,3.2193,9.8003,90.41,2.9695,3.7914,3.791,3.788,3.7918,3.788,3.7911,3.7914,6.8986,9.3789,7.3978,113.54,3.7887,556.24,6.6942,7.5544,7.8967,NaN,NaN,NaN,NaN,NaN,NaN,NaN,NaN,NaN,NaN,NaN,NaN,NaN,1.1547,1.1528,1.1557,2.1516,2.0472,5.7162,-0.13992,2.5128,-2.6536,0.49023,-0.1041,2.1681,15.411,0.072164,10.413,-0.80976,2.3893,6.9003,0.42845,-0.97346,0.41733,-1.0336,1.1507,7.8173,-0.68215,1.9101,6.5656,-0.25151,1.1551,1.1548,1.1541,1.1551,1.1541,1.1548,1.1551,0.0088183,-0.13992,-0.0080702,-5.7162,1.1542,20.679,-0.0061607,0.28904,0.0022471,NaN,NaN,NaN,NaN,NaN,NaN,NaN,NaN,NaN,NaN,NaN,NaN,NaN,0
0.43983,0.43852,0.43983,0.0073366,0.019608,-5.55E-17,-1.11E-16,-1.11E-16,0,0,0,0.0080845,0,0,0,3.3292,0.11728,2.1667,0.55997,0.39392,-0.092517,0.578,76.889,3.7469,2.6904,1.0833,0.94444,1.7914,0.39475,0.5477,0.39476,0.47434,0.39476,0.54771,0.39475,0,-1.11E-16,0,5.55E-17,7.0177,0,0,0,0,NaN,NaN,NaN,NaN,NaN,NaN,NaN,NaN,NaN,NaN,NaN,NaN,NaN,0.022909,0.022809,0.022857,5.45E-05,0.00046786,0.0063451,0.0055473,0.0064357,0.0066979,9.39E-05,9.34E-05,8.10E-05,0.00010897,0.00011,0.00021129,1.3525,0.039717,68.034,0.03382,0.030122,0.002028,0.054062,2918.2,361.05,0.86004,1.0315,9.5633,0.44569,0.018521,0.035598,0.018519,0.026695,0.018519,0.035598,0.018521,0.00017676,0.0055473,7.55E-05,0.0063451,5.8441,0.002498,7.66E-05,0.00081142,8.65E-05,NaN,NaN,NaN,NaN,NaN,NaN,NaN,NaN,NaN,NaN,NaN,NaN,NaN,2.8522,2.849,2.8531,10.415,10.038,56.648,8.3619,21.991,22.224,8.9322,8.137,11.139,8.5288,8.1862,9.3484,2.9532,8.1215,74.463,2.4536,3.1487,2.3499,3.1593,2.8564,88.832,3.0883,9.6475,78.074,3.0083,2.852,2.8518,2.8526,2.8517,2.8526,2.8518,2.852,7.773,8.3619,7.8453,56.648,2.8498,1134.6,7.7408,9.0707,6.2696,NaN,NaN,NaN,NaN,NaN,NaN,NaN,NaN,NaN,NaN,NaN,NaN,NaN,0.81477,0.8128,0.81536,2.1274,2.0642,-3.0043,0.28513,-1.315,1.2464,0.21658,0.25738,2.1946,-0.24447,-0.25087,-0.19544,-0.63788,2.2843,6.3404,0.22959,-1.0991,0.48727,-1.0572,0.81438,6.7844,-0.5421,1.9806,6.6002,-0.059829,0.81482,0.81468,0.81471,0.81473,0.81471,0.81468,0.81482,-0.10706,0.28513,-0.020415,3.0043,0.81366,27.459,0.019975,0.2285,0.013253,NaN,NaN,NaN,NaN,NaN,NaN,NaN,NaN,NaN,NaN,NaN,NaN,NaN,0
0.2,0.19956,0.2,0.024725,0.07451,-0.0039216,-0.0078431,-0.0078431,-5.55E-17,0,-0.0019608,0.024802,0,0,0,4.4058,0.054012,14.389,0.33066,0.21322,-0.10859,0.68434,50.444,17.886,3.572,2.8889,5.9097,2.8351,0.1792,0.2485,0.17892,0.21528,0.17892,0.24847,0.1792,0,-0.0078431,0,0.0039216,3.1922,-2.22E-16,0,-1.11E-16,0,4.8921,0.035494,443.81,0.20409,0.05658,-0.14912,0.80001,61.694,459.83,4.3265,15.5,203.08,3.8747,0.0075614,0.0065214,0.0066378,0.00034817,0.0027716,0.041987,0.026759,0.037202,0.033009,0.00088665,0.00067366,0.00060208,0.0016864,0.0011108,0.0020756,0.3263,0.0015468,1816.4,0.011486,0.02551,0.0012363,0.015605,426.3,4825.8,0.27572,4.0409,351.12,0.27185,0.0062013,0.011349,0.0062881,0.0086554,0.0062881,0.011348,0.0062013,0.0055399,0.026759,0.0053684,0.041987,1.7057,0.036729,0.0037107,0.016816,0.0039596,0.17992,0.00058344,64438,0.0047777,0.019526,0.0008345,0.0070929,266.3,76858,0.15509,22.486,10836,0.16455,4.1539,3.7441,3.7817,14.417,10.329,11.782,5.3831,8.4447,8.3971,9.3476,5.7161,13.871,10.136,5.5329,7.9709,4.2536,23.581,75.698,3.508,3.2708,2.7301,6.4596,3.7852,128.58,3.1192,11.782,110.8,2.8435,4.1386,4.0618,4.2862,4.0625,4.2862,4.0603,4.1386,6.7197,5.3831,9.0976,11.782,3.8091,11.348,6.4765,4.9109,10.279,7.9636,47.418,4.2674,6.8107,2.8074,5.2232,23.815,2.4173,3.8075,6.1903,3.0299,4.4296,4.8481,0.75334,0.73436,0.73191,2.5226,2.0793,-0.76006,-0.17047,-0.52026,0.14245,0.48683,-0.18616,2.4727,-0.44995,0.13327,-0.080417,-1.0433,3.3983,6.7533,0.7141,-0.69986,0.3931,-1.3907,0.74309,8.7146,-0.44571,2.2323,7.9976,-0.13131,0.74135,0.75124,0.77103,0.74049,0.77103,0.75096,0.74135,0.021905,-0.17047,-0.057697,0.76006,0.73912,0.16182,-0.011983,0.082933,0.057083,-1.8776,5.0487,1.0127,1.5047,-0.1327,1.3461,-3.3365,0.15438,0.88683,-1.4638,0.25604,0.98969,-1.1342,0
0.15294,0.15512,0.15686,0.024862,0.07451,-0.0039216,-0.0078431,-0.011765,-1.11E-16,0,-0.0019608,0.02549,0,0,0,4.5033,0.049383,20.556,0.30193,0.25253,-0.11654,0.70946,47.889,27.09,3.7161,3.4722,8.4097,2.9881,0.1389,0.19276,0.13868,0.16695,0.13868,0.19274,0.1389,0,-0.0078431,0,0.0039216,2.4784,-1.11E-16,0,-2.22E-16,0,4.8712,0.037037,420.17,0.21692,0.068654,-0.14734,0.79506,61.611,449.58,4.2737,14.806,199.84,3.8083,0.0093568,0.0082981,0.0085211,0.00037048,0.0028817,0.046483,0.029165,0.040257,0.03831,0.0009222,0.0006657,0.00062403,0.0016049,0.0010145,0.002091,0.29733,0.0013503,4663.3,0.0097911,0.024118,0.001173,0.013517,800.93,14430,0.25513,5.6115,880.09,0.24731,0.0076279,0.014164,0.0077152,0.010749,0.0077152,0.014162,0.0076279,0.0048495,0.029165,0.0036681,0.046483,2.1664,0.032665,0.0027402,0.014591,0.0023826,0.20758,0.00078744,65455,0.0056316,0.021652,0.00089736,0.0080513,288.58,81977,0.1779,23.097,11487,0.18858,4.3096,3.8186,3.9274,23.532,18.283,15.418,6.0701,12.46,8.853,12.678,6.2759,21.946,13.947,6.2294,7.9863,4.77,30.521,131.56,4.2724,3.4324,2.9003,7.4667,3.8459,197.59,3.4636,19.858,131.06,3.1827,4.3302,4.2065,4.4358,4.2357,4.4358,4.2017,4.3302,7.7158,6.0701,9.4743,15.418,3.9032,15.178,7.8209,5.7028,10.873,7.5716,63.278,4.6478,6.1549,2.7488,4.9541,22.141,2.3927,3.9111,5.8634,3.1604,4.6119,4.4502,0.7947,0.73353,0.74296,3.2893,2.8011,-0.61961,-0.25284,-0.93352,-0.054053,0.52948,-0.25851,3.0692,-0.51827,0.2133,-0.0090549,-1.1645,3.8776,9.2851,0.91721,-0.80509,0.52529,-1.5665,0.73411,11.294,-0.58698,2.9386,9.3869,-0.24893,0.79802,0.78482,0.81511,0.78589,0.81511,0.78407,0.79802,0.17157,-0.25284,-0.079603,0.61961,0.74657,0.55536,0.038238,0.13312,0.064014,-1.7746,5.6916,1.1407,1.3783,-0.2103,1.2835,-3.2302,0.16845,0.95166,-1.379,0.35889,1.0712,-1.0394,0
0.32941,0.32941,0.32941,0.0055459,0.015686,-2.78E-17,0,0,0,0,0,0.0058824,0,0,0,2.5335,0.20062,0.94444,0.68611,0.29474,-0.064674,0.43539,60.694,1.3302,2.0957,0.66667,0.45988,1.3821,0.2961,0.41081,0.2961,0.35564,0.2961,0.41081,0.2961,0,0,0,2.78E-17,5.2706,0,0,0,0,4.8156,0.03858,317.81,0.23279,0.066546,-0.14538,0.78976,59.278,321.69,4.1972,12.472,158.26,3.7108,0.010949,0.010909,0.010921,8.74E-06,7.80E-05,0.001631,0.0015767,0.0017306,0.0017486,2.97E-05,2.89E-05,1.57E-05,4.38E-05,4.03E-05,7.36E-05,0.78619,0.030402,1.0108,0.01401,0.030233,0.0016257,0.04428,903.57,5.0394,0.40997,0.11735,0.15275,0.14462,0.0088501,0.017015,0.0088506,0.012758,0.0088506,0.017015,0.0088501,9.87E-05,0.0015767,7.85E-05,0.001631,2.7947,0.00065437,7.05E-05,0.00048862,9.38E-05,0.21928,0.0007804,80527,0.0070702,0.025175,0.00093563,0.0082732,413.5,95828,0.20757,34.233,15116,0.23765,2.237,2.2331,2.2339,6.448,5.9205,4.1972,4.1516,4.0657,4.2216,4.0098,3.9424,5.4002,4.1117,3.9603,3.8958,2.8639,5.6637,25.607,2.8195,2.2941,2.0496,2.3551,2.2314,40.622,3.1172,5.0933,18.216,3.2778,2.2373,2.2361,2.2377,2.2365,2.2377,2.2361,2.2373,3.6093,4.1516,5.8141,4.1972,2.2338,5.0509,5.7653,4.5215,6.1937,6.067,44.551,4.5402,5.2274,2.6915,4.4512,16.254,2.1308,4.0855,4.6334,2.7334,4.2298,3.8405,0.32465,0.32438,0.32442,1.3465,1.2264,-0.0081699,0.061836,0.055825,-0.00057805,0.0068667,0.050641,1.1491,-0.037473,-0.069553,-0.021422,-0.28314,1.6756,3.1107,-0.020871,-0.56333,0.040206,-0.66029,0.32255,4.1532,-0.31359,0.92297,2.631,-0.0098996,0.3246,0.32456,0.32481,0.32452,0.32481,0.32456,0.3246,-0.017989,0.061836,-0.00056777,0.0081699,0.32439,0.048588,-0.0030024,0.13551,0.002453,-1.5411,4.6062,1.1911,1.2532,-0.18046,1.1856,-2.6832,0.26667,1.1159,-1.1622,0.36834,1.0405,-0.92822,0
0.50196,0.50153,0.50196,0.012521,0.035294,-1.11E-16,-0.0039216,-0.0039216,0,0,0,0.013865,0,0,0,3.8429,0.08179,4.8056,0.44886,0.40141,-0.10282,0.64048,97.278,8.2191,3.1395,1.6667,1.99,2.2298,0.45136,0.626,0.45128,0.54197,0.45128,0.62599,0.45136,0,-0.0039216,0,1.11E-16,8.0275,-2.22E-16,0,-1.11E-16,0,4.649,0.04321,300.08,0.26525,0.07765,-0.13809,0.76925,60.306,312.8,4.0386,11.75,156.97,3.5164,0.013323,0.013037,0.013149,0.0001077,0.00087527,0.010366,0.016117,0.014285,0.014639,0.0001846,0.00027356,0.00016725,0.00021569,0.00033646,0.00052272,0.74883,0.0093099,133.75,0.022159,0.02179,0.0015558,0.031039,1294,740.83,0.51741,1.4634,18.754,0.34268,0.0108,0.020638,0.01078,0.01552,0.01078,0.020638,0.0108,0.00061337,0.016117,0.00016477,0.010366,3.3531,0.0015118,0.00022655,0.0033239,0.00014895,0.32914,0.0016338,1.14E+05,0.0097858,0.027354,0.0011573,0.012786,489.2,1.40E+05,0.28956,41.971,24355,0.30847,2.4033,2.3983,2.4009,6.9039,6.532,6.0923,5.6115,5.5751,5.6049,5.8943,5.5188,6.9278,5.8988,5.6185,5.6664,3.369,16.391,26.115,2.7103,4.9658,2.8959,5.6325,2.3909,33.127,2.9821,6.1972,24.078,2.5862,2.4026,2.4021,2.4055,2.4016,2.4055,2.4021,2.4026,5.1892,5.6115,6.0021,6.0923,2.3991,5.9562,5.8332,5.4031,7.2883,5.2677,34.107,4.3538,4.495,2.6191,3.9972,13.801,2.0534,4.316,4.0906,2.6914,3.9606,3.2915,0.15682,0.17372,0.16947,1.6603,1.5806,-0.10231,0.16568,0.077065,0.022024,0.075311,0.14485,1.6563,-0.098523,-0.15095,-0.019907,-0.74878,3.1117,3.73,0.41269,-1.4868,0.58564,-1.5141,0.16936,4.2694,-0.43906,1.4921,3.5861,0.0046982,0.15461,0.15984,0.15552,0.1574,0.15552,0.1598,0.15461,-0.096069,0.16568,-0.015695,0.10231,0.16997,0.089078,0.008868,0.17232,0.011589,-1.3827,4.2533,1.2604,1.0915,-0.23125,1.0499,-2.5522,0.21225,1.2857,-1.0222,0.49913,1.1235,-0.73551,0
0.2678,0.26518,0.26387,0.013741,0.040346,-2.22E-16,-0.0039216,-0.0039216,-2.22E-16,0,0,0.014275,0,0,0,3.8163,0.083333,4.25,0.46438,0.30346,-0.089642,0.59741,65.944,6.0085,3.0192,1.5556,1.7863,2.1866,0.23997,0.33219,0.23991,0.28822,0.23991,0.3322,0.23997,0,-0.0039216,0,2.22E-16,4.2494,-1.11E-16,0,-8.33E-17,0,4.8366,0.037037,395.58,0.22246,0.054383,-0.14591,0.79163,60.806,403.91,4.2391,14.306,188.42,3.7818,0.014908,0.014625,0.014709,8.70E-05,0.00068747,0.010033,0.013894,0.012739,0.012947,0.00019578,0.00025547,0.00015006,0.00028291,0.00035846,0.000561,0.50285,0.0047173,58.18,0.013815,0.028396,0.001407,0.025555,953.81,304.91,0.34016,0.74677,9.2126,0.21146,0.012083,0.023092,0.012067,0.017361,0.012067,0.023092,0.012083,0.00092511,0.013894,0.00060577,0.010033,3.7575,0.0037442,0.00064805,0.0046912,0.00056213,0.23896,0.00095863,93815,0.0072356,0.021565,0.00097788,0.0092766,374.06,1.07E+05,0.22118,34.807,17361,0.24203,3.0761,3.0735,3.0819,11.252,9.4468,7.4082,6.5958,6.3672,5.9867,6.2886,5.8567,9.5738,5.7565,5.5583,5.4208,3.3567,16.223,55.216,2.9142,3.4556,2.4873,4.7318,3.0579,76.014,2.9265,9.6026,50.796,2.9862,3.0734,3.0756,3.0796,3.0733,3.0796,3.0756,3.0734,4.0203,6.5958,4.7202,7.4082,3.074,4.4699,4.4413,4.951,6.1611,7.1264,59.364,3.9843,6.3276,2.7784,4.6666,16.81,2.2626,3.8418,5.6593,2.7088,4.0389,4.6539,0.49204,0.50939,0.5048,2.178,1.9173,-0.44817,-0.23436,-0.3631,0.011233,0.34518,-0.18402,1.9121,-0.29524,0.15303,-0.039256,-0.62699,2.8657,5.276,0.28566,-0.92098,0.23095,-1.1373,0.51097,6.3495,-0.17765,1.8665,5.0922,0.1326,0.48885,0.49563,0.49105,0.49236,0.49105,0.49562,0.48885,0.019453,-0.23436,0.010242,0.44817,0.50608,0.048478,-0.0036684,0.13861,-0.0059736,-1.7437,5.372,1.0146,1.4826,-0.13202,1.2546,-2.8444,0.21968,1.0032,-1.4051,0.18674,0.97745,-1.154,0
0.39188,0.38926,0.38796,0.010083,0.031373,-5.55E-17,-0.0039216,-0.0012387,-1.11E-16,0,0,0.010559,0,0,0,3.5623,0.10031,3.0556,0.51275,0.31319,-0.083664,0.56231,75,4.3951,2.8136,1.3056,1.321,1.9937,0.35095,0.48646,0.35101,0.42171,0.35101,0.48644,0.35095,0,-0.0039216,0,5.55E-17,6.2348,-1.11E-16,0,-1.11E-16,0,4.8366,0.037037,385.69,0.2255,0.054764,-0.14589,0.79163,60.694,394.3,4.229,14.028,185.58,3.7624,0.0072116,0.0070565,0.0071079,4.76E-05,0.00038599,0.0051287,0.0080339,0.0066507,0.0075263,9.99E-05,0.00014474,8.11E-05,0.00013955,0.00020097,0.00031291,0.65002,0.0095588,28.563,0.01653,0.028,0.001474,0.031698,610.61,149.8,0.40094,0.55834,4.504,0.22228,0.0058484,0.011166,0.0058373,0.0083996,0.0058373,0.011166,0.0058484,0.00047232,0.0080339,0.00028631,0.0051287,1.814,0.0016843,0.00032378,0.0026521,0.00028144,0.23373,0.00089403,97128,0.0070148,0.022344,0.00095772,0.0088713,373.83,1.10E+05,0.21218,35.278,18146,0.23273,3.1244,3.1325,3.1302,9.28,8.4393,6.3101,5.8503,5.6045,6.1141,5.6303,5.4009,8.385,5.1766,5.1555,5.4218,3.2928,13.742,60.806,2.8893,3.3194,2.4279,4.1918,3.1411,60.184,3.104,8.0454,100.83,3.0595,3.1212,3.1257,3.1261,3.1226,3.1261,3.1257,3.1212,4.2465,5.8503,5.3121,6.3101,3.1306,4.4849,4.9258,4.6831,6.9736,6.5518,41.139,3.9643,5.6181,2.749,4.6069,17.021,2.3038,3.8834,5.1091,2.666,3.9748,4.1573,0.58101,0.59495,0.58961,1.9742,1.8077,-0.017625,-0.28891,-0.33045,-0.18138,0.025406,-0.24243,1.7948,-0.058275,0.20571,0.11687,-0.57568,2.7529,4.8772,0.24826,-0.90623,0.2266,-1.088,0.60063,5.5019,-0.23778,1.6645,5.4469,0.10722,0.57845,0.58368,0.58034,0.58106,0.58034,0.58367,0.57845,0.0014676,-0.28891,0.0042897,0.017625,0.59208,0.021974,0.011256,0.1435,0.0090541,-1.6593,4.683,1.0487,1.3557,-0.13312,1.2351,-2.8181,0.24006,1.0479,-1.2962,0.27199,1.0031,-1.0343,0
0.40784,0.40741,0.40784,0.0047131,0.011765,0,0,2.78E-17,5.55E-17,0,0,0.0043844,0,0,0,2.4999,0.20679,0.88889,0.69444,0.30455,-0.068523,0.44974,93.861,1.3611,2.0875,0.66667,0.45293,1.3299,0.36654,0.5086,0.36654,0.44027,0.36654,0.5086,0.36654,0,0,0,0,6.5216,0,0,0,0,4.6144,0.046296,236.11,0.26857,0.054494,-0.1347,0.75971,60.111,236.62,3.9749,10.417,125.08,3.4569,0.020293,0.020259,0.020275,1.32E-05,0.00010026,0.0012295,0.0017524,0.0016388,0.0016674,2.12E-05,2.93E-05,1.68E-05,3.42E-05,5.03E-05,7.85E-05,0.92989,0.040415,7.613,0.018373,0.040835,0.0019316,0.052069,2302.7,21.66,0.51546,0.2587,1.8925,0.21792,0.016402,0.031549,0.016399,0.023652,0.016399,0.031549,0.016402,3.97E-05,0.0017524,4.10E-05,0.0012295,5.1878,0.00067532,4.68E-05,0.0011727,7.95E-05,0.34406,0.0017457,1.01E+05,0.010546,0.025796,0.0012196,0.013928,517.78,1.13E+05,0.31844,43.472,20610,0.34822,2.008,2.0073,2.0073,13.61,10.228,4.983,9.1105,6.3562,5.8425,4.8131,8.5122,11.881,8.2115,14.771,8.9474,2.7768,4.887,74.58,2.8134,3.2343,2.0112,2.1203,2.0082,112.7,3.07,10.227,100.84,3.8436,2.008,2.0078,2.0083,2.0079,2.0083,2.0078,2.008,4.5011,9.1105,8.3948,4.983,2.0074,15.34,9.9671,16.637,6.805,5.2602,44.016,5.0145,4.7206,2.7369,3.7051,11.442,1.9163,4.9629,3.9151,2.72,4.6877,3.1293,0.077627,0.078458,0.078145,2.4633,2.013,-0.10866,-0.37467,-0.25,-0.20444,0.10259,-0.34042,2.0972,-0.16965,0.47442,0.23704,-0.25553,1.551,6.649,-0.17357,-0.8351,0.037269,-0.61882,0.081134,8.0452,-0.30864,2.0687,7.804,0.35907,0.077354,0.077793,0.077686,0.077545,0.077686,0.077794,0.077354,0.042941,-0.37467,0.0083604,0.10866,0.078301,-0.027249,-0.013502,0.037433,-0.00060161,-1.3443,4.6897,1.4246,1.1154,-0.07253,0.95469,-2.2824,0.20953,1.4328,-0.93997,0.59491,1.2906,-0.66501,0
0.51765,0.5159,0.51765,0.0081895,0.023529,4.16E-17,0,0,0,0,0,0.0080845,0,0,0,3.1241,0.1358,1.8333,0.59167,0.27217,-0.075783,0.51286,141.44,2.5833,2.4864,1,0.82099,1.7054,0.46403,0.64351,0.46395,0.55733,0.46395,0.64352,0.46403,0,0,0,-4.16E-17,8.251,0,0,0,0,4.7045,0.041667,269.53,0.25537,0.056502,-0.13857,0.77312,60.889,269.18,4.0588,11.222,139.79,3.5487,0.021558,0.021444,0.021474,3.89E-05,0.00030057,0.0039505,0.0046001,0.0048323,0.004622,6.78E-05,7.80E-05,4.86E-05,0.00012694,0.00014492,0.00025098,0.90787,0.022843,21.374,0.021254,0.047922,0.0016367,0.042517,1613.7,62.524,0.50348,0.49575,5.0156,0.3052,0.017432,0.033487,0.017429,0.025118,0.017429,0.033487,0.017432,0.00013127,0.0046001,0.00012631,0.0039505,5.4942,0.0033481,0.00012854,0.0038507,0.00017836,0.28207,0.0011879,1.06E+05,0.0087651,0.027198,0.0010788,0.010845,508.12,1.19E+05,0.26532,42.702,21292,0.2972,2.8829,2.8709,2.8779,8.7055,7.5888,5.5186,7.1709,5.4668,5.6772,5.315,6.8156,8.8184,7.7811,9.5152,6.9628,2.8652,8.455,49.103,2.4322,3.5348,2.2797,3.2027,2.8744,84.006,3.0481,6.1258,71.134,2.56,2.8838,2.8802,2.8834,2.8817,2.8834,2.8802,2.8838,4.766,7.1709,8.1011,5.5186,2.8729,6.7408,7.9659,7.3805,7.8774,5.361,48.828,4.7101,4.8937,2.6777,3.9321,13.092,1.909,4.6114,4.0113,2.6934,4.3436,3.2832,-0.50244,-0.49729,-0.4997,1.7913,1.6095,0.03101,-0.006308,0.043957,-0.077188,-0.03239,-0.0081391,1.7695,0.046792,-0.018152,0.051743,-0.4509,2.184,4.7883,0.15691,-0.98036,0.21889,-0.98141,-0.49587,6.3263,-0.34642,1.3734,5.7462,0.13005,-0.50313,-0.50126,-0.50277,-0.5021,-0.50277,-0.50125,-0.50313,-0.015986,-0.006308,0.018155,-0.03101,-0.49809,-0.024434,-0.0084254,0.0051756,0.0027678,-1.3694,4.7046,1.3419,1.141,-0.11974,1.0266,-2.3942,0.17218,1.3397,-0.96684,0.5365,1.2051,-0.7203,0
0.53725,0.53638,0.53725,0.0076222,0.023529,-5.55E-17,0,-5.55E-17,0,0,0,0.0078431,0,0,0,2.9944,0.1466,1.6667,0.60833,0.26152,-0.073297,0.49674,148.36,2.3233,2.4082,0.94444,0.77469,1.6513,0.48271,0.66953,0.48272,0.57982,0.48272,0.66952,0.48271,0,0,0,5.55E-17,8.5843,0,0,0,0,4.649,0.04321,250.53,0.26199,0.050988,-0.13676,0.7659,59.889,247.97,4.0095,10.778,131.16,3.4994,0.021132,0.021026,0.021054,3.82E-05,0.00029571,0.0036384,0.0042783,0.0044555,0.0043171,6.22E-05,7.22E-05,4.69E-05,0.00011781,0.00013565,0.00023405,0.95635,0.026447,21.024,0.021908,0.04818,0.001707,0.045452,1610.8,61.402,0.53503,0.49271,4.8445,0.31738,0.017088,0.032828,0.017085,0.024623,0.017085,0.032827,0.017088,0.00010978,0.0042783,0.00012427,0.0036384,5.3868,0.0031085,0.0001255,0.0036025,0.00019083,0.30924,0.0013306,1.07E+05,0.0094582,0.02696,0.001143,0.012188,525.96,1.19E+05,0.29029,43.708,21849,0.32141,2.7409,2.7275,2.7315,9.0802,8.2281,6.554,7.1178,6.0705,6.0123,6.2675,6.8055,9.4974,8.643,9.8079,7.3891,2.7666,7.4777,52.802,2.3949,3.4535,2.2158,2.8782,2.7314,92.002,2.9725,6.7578,57.76,2.5782,2.7427,2.7378,2.743,2.7398,2.743,2.7378,2.7427,5.0546,7.1178,9.227,6.554,2.7295,7.0069,8.6,7.1578,8.6071,4.8965,32.418,4.9118,4.5446,2.6788,3.8037,12.033,1.8797,4.8544,3.7006,2.7314,4.5867,3.0839,-0.43533,-0.43008,-0.43141,1.8586,1.7182,-0.10902,-0.15117,-0.1224,-0.14423,0.098098,-0.13723,1.8685,-0.11967,0.18035,0.12168,-0.39448,2.0326,5.038,0.11735,-0.93158,0.15249,-0.87812,-0.42966,6.5604,-0.30807,1.4713,5.3867,0.15481,-0.43619,-0.43412,-0.43596,-0.43502,-0.43596,-0.43412,-0.43619,-0.013251,-0.15117,0.025408,0.10902,-0.43088,-0.014042,-0.011391,0.013772,-0.0016621,-1.2934,4.0184,1.4093,1.079,-0.07913,0.98569,-2.3073,0.21123,1.4141,-0.90207,0.58538,1.2875,-0.66221,0
0.43922,0.43747,0.43922,0.0041337,0.011765,-5.55E-17,0,-5.55E-17,0,0,0,0.0043844,0,0,0,3.0381,0.13889,1.3333,0.62108,0.41202,-0.092637,0.56614,95.083,2.4159,2.4912,0.86111,0.58256,1.5305,0.39434,0.547,0.3944,0.47383,0.3944,0.547,0.39434,0,0,0,5.55E-17,7,0,0,0,0,4.5934,0.046296,215.69,0.27469,0.069879,-0.13483,0.75935,58.278,218.18,3.9613,9.8611,116.74,3.4194,0.0053463,0.0053218,0.0053325,7.67E-06,6.92E-05,0.0010918,0.0012881,0.001333,0.0013045,1.84E-05,2.15E-05,1.21E-05,2.27E-05,2.63E-05,4.43E-05,0.94363,0.022996,6.41,0.020443,0.026479,0.0017253,0.043437,1427.7,38.551,0.52763,0.30469,0.76608,0.21587,0.0043223,0.0083077,0.0043215,0.0062301,0.0043215,0.0083077,0.0043223,3.08E-05,0.0012881,2.47E-05,0.0010918,1.3637,0.00017409,2.54E-05,0.00020499,5.27E-05,0.33957,0.0016714,89282,0.01043,0.027839,0.0011722,0.013139,536.93,1.05E+05,0.3078,39.85,18479,0.34488,2.9554,2.9558,2.9563,8.3072,7.6108,4.9677,5.0042,5.0024,4.7957,4.8007,4.8605,7.2719,4.63,4.6548,4.558,2.8312,8.0632,61.868,2.6074,3.7821,2.6466,3.7536,2.9752,68.473,2.9962,7.8783,54.15,3.0552,2.9549,2.9555,2.9559,2.955,2.9559,2.9555,2.9549,3.8516,5.0042,3.7234,4.9677,2.9557,4.9127,3.7189,4.8734,3.1778,5.0232,39.336,5.2346,4.3104,2.6638,3.723,11.807,1.9396,5.1591,3.7732,2.8401,4.7206,2.9379,0.51339,0.51738,0.51619,1.6924,1.5819,-0.20203,-0.034068,-0.16091,0.048924,0.18504,-0.034949,1.4623,-0.15402,0.028414,-0.0443,-0.31462,2.125,5.2026,-0.092833,-1.3141,0.60639,-1.2333,0.48902,5.5053,-0.2853,1.6044,4.8377,0.29855,0.51283,0.5141,0.51311,0.5135,0.51311,0.5141,0.51283,0.031702,-0.034068,-0.0032818,0.20203,0.51648,0.066455,0.0017142,0.0911,0.0025982,-1.2907,4.4279,1.481,1.0061,-0.096422,0.9418,-2.2889,0.27943,1.4947,-0.88717,0.65456,1.3078,-0.59016,1
0.36078,0.36078,0.36078,0.0081895,0.023529,0,-5.55E-17,-1.11E-16,0,0,0,0.0083189,0,0,0,3.8984,0.078704,5.3333,0.43837,0.28093,-0.091443,0.60919,105.83,7.2986,3.1093,1.75,2.2284,2.3016,0.32437,0.44999,0.32438,0.38956,0.32438,0.44999,0.32437,0,-5.55E-17,0,0,5.7725,0,0,0,0,4.8921,0.035494,389.72,0.21128,0.055574,-0.1499,0.80125,60.75,399.4,4.3083,14.25,184.42,3.8429,0.005973,0.0058845,0.0059045,1.95E-05,0.00016817,0.00313,0.0034642,0.0035706,0.0034066,6.35E-05,6.85E-05,3.75E-05,9.91E-05,0.00010889,0.00017129,0.49138,0.0050726,42.988,0.01345,0.027771,0.001319,0.023749,1356.4,178.32,0.31827,0.68081,6.9896,0.20279,0.0048371,0.0092583,0.0048353,0.0069548,0.0048353,0.0092583,0.0048371,0.00033666,0.0034642,0.00024798,0.00313,1.5102,0.0015394,0.00026341,0.0018064,0.00024528,0.16774,0.00051923,80648,0.0053306,0.021563,0.00079546,0.0061921,338.17,91673,0.15714,30.997,14104,0.17578,2.3623,2.3488,2.3525,6.7614,6.0114,4.4461,4.8181,4.5388,4.437,4.2169,4.4972,6.1139,4.2663,4.463,4.1153,3.9743,23.966,19.564,3.3235,3.3521,2.6004,5.4452,2.3535,32.963,3.3952,5.2026,20.693,3.0578,2.3636,2.3593,2.3647,2.3608,2.3647,2.3593,2.3636,3.9161,4.8181,5.7647,4.4461,2.3511,4.4979,5.443,4.4941,7.0826,6.8744,49.351,4.1259,5.9348,2.7737,4.9579,19.742,2.2922,3.7513,5.2892,2.7657,4.0267,4.4127,0.076333,0.084558,0.083036,1.4573,1.3039,-0.047611,0.06687,0.034491,0.042026,0.031279,0.059269,1.3469,-0.021524,-0.045338,-0.032421,-0.84766,3.5987,3.0012,0.56893,-0.85742,0.30922,-1.3175,0.082959,4.099,-0.43787,1.1018,3.068,-0.1643,0.074769,0.078044,0.075801,0.076465,0.075801,0.078033,0.074769,0.013551,0.06687,-0.0036765,0.047611,0.083018,0.028447,0.0055962,0.040623,0.00040329,-1.7009,4.8552,1.0268,1.3956,-0.14256,1.307,-2.9176,0.21453,0.95603,-1.3129,0.22887,0.93965,-1.0644,1
0.37255,0.37081,0.37255,0.015412,0.047059,2.78E-17,0,5.55E-17,0,0,0,0.015808,0,0,0,4.1699,0.064815,10.528,0.36138,0.20014,-0.097461,0.64382,92.194,12.944,3.3844,2.4722,4.3056,2.6485,0.33326,0.46241,0.33328,0.40031,0.33328,0.46241,0.33326,0,0,0,-2.78E-17,5.9333,0,0,0,0,4.9477,0.033951,449.04,0.19268,0.042327,-0.15348,0.81038,61.667,450.32,4.3848,15.75,199.88,3.9512,0.0088681,0.0086004,0.008641,3.89E-05,0.0003526,0.0081189,0.0087646,0.0088718,0.0084962,0.00018884,0.00020084,9.46E-05,0.00036807,0.00036522,0.00054917,0.30451,0.001856,73.499,0.0077684,0.027818,0.0011033,0.015443,1045.7,233.69,0.20435,0.77909,11.88,0.14095,0.0072013,0.013684,0.0072018,0.010308,0.0072018,0.013684,0.0072013,0.0013162,0.0087646,0.0014562,0.0081189,2.211,0.0070026,0.0013339,0.0063034,0.0015513,0.12449,0.00031885,72256,0.0036968,0.018201,0.0006586,0.004484,283.75,78984,0.11368,25.648,11878,0.12542,2.626,2.6332,2.6345,5.3259,4.7509,3.3956,3.9652,3.7781,3.6968,3.328,3.6135,4.4855,3.4806,3.6023,3.3872,4.0877,23.753,11.302,3.8607,2.9781,2.7292,6.5699,2.6319,23.6,3.349,4.1106,12.847,3.1358,2.6245,2.6281,2.6249,2.6266,2.6249,2.6281,2.6245,3.3271,3.9652,4.2459,3.3956,2.6325,3.5719,4.1225,3.6279,5.9496,7.5057,48.209,3.8024,6.581,2.8897,5.4176,22.847,2.423,3.5548,5.8558,2.8338,4.0094,4.926,0.046204,0.049088,0.047059,1.0423,0.93913,-0.0082642,0.034361,0.017443,0.026286,0.0044084,0.019416,0.96362,-0.00043487,-0.016657,-0.016635,-0.9031,3.3823,2.0854,0.72443,-0.56911,0.31282,-1.3861,0.048386,3.2915,-0.44664,0.76436,2.2205,-0.2886,0.045461,0.046382,0.046845,0.04565,0.046845,0.046387,0.045461,0.0032431,0.034361,0.0011654,0.0082642,0.048106,0.0097923,0.0017841,0.02003,-0.0077511,-1.8194,4.7956,0.8854,1.4864,-0.083874,1.3923,-3.0456,0.16919,0.83526,-1.3992,0.1356,0.89342,-1.1367,1
0.41569,0.41481,0.41569,0.019422,0.058824,-1.11E-16,0.0039216,1.11E-16,0.0039216,0,0,0.019608,0,0,0,4.3502,0.055556,14.944,0.32614,0.16358,-0.10399,0.67127,108.89,17.453,3.5413,2.9722,6.0764,2.8385,0.37282,0.51728,0.37276,0.44786,0.37276,0.51728,0.37282,0,0.0039216,0,1.11E-16,6.6353,-5.55E-17,0,-5.55E-17,0,4.9477,0.033951,471.75,0.18709,0.035364,-0.15395,0.81301,61.694,465.99,4.4058,16.278,205.19,3.9823,0.010582,0.010166,0.010223,5.44E-05,0.0005022,0.011182,0.013028,0.012553,0.012205,0.00028186,0.00031528,0.00014314,0.00060901,0.000624,0.00086939,0.23703,0.0010732,129.17,0.0061483,0.027385,0.0010349,0.012351,1068.1,378.14,0.16683,0.98195,20.966,0.12083,0.008612,0.016279,0.0086097,0.012287,0.0086097,0.016278,0.008612,0.0021165,0.013028,0.002921,0.011182,2.6156,0.011325,0.00263,0.010717,0.0037805,0.11065,0.00026129,71178,0.0031918,0.016859,0.00062036,0.0039828,264.07,76359,0.10088,24.219,11532,0.11073,2.5584,2.5561,2.5561,5.6518,4.9662,3.299,4.0934,3.8625,3.6286,3.2829,3.615,4.5902,3.3483,3.5366,3.3094,4.1247,22.003,23.465,3.9801,2.8008,2.7947,6.8631,2.556,29.04,3.3264,4.2833,31.312,3.1616,2.5587,2.5581,2.5588,2.5583,2.5588,2.5581,2.5587,3.2752,4.0934,3.7694,3.299,2.5567,3.3278,3.8633,3.4225,5.2534,7.4834,51.714,3.6901,6.5524,2.9289,5.3869,22.083,2.4829,3.5483,5.7864,2.8408,3.9051,4.8727,-0.0062516,0.00097878,-0.0017393,1.0505,0.93248,-0.0032471,-0.0078089,-0.034451,0.00082504,0.00083742,-0.0083437,0.95762,0.0068592,0.0084426,-0.0024442,-0.94699,3.1748,2.3878,0.76512,-0.42089,0.36275,-1.3911,-0.0028747,3.4874,-0.44131,0.74835,2.6775,-0.29119,-0.0078495,-0.0049575,-0.0061934,-0.0065496,-0.0061934,-0.0049526,-0.0078496,-0.00057718,-0.0078089,0.00065198,0.0032471,-0.00058762,0.016364,-0.0009894,0.024984,0.00040931,-1.8261,4.7903,0.8403,1.464,-0.044644,1.3911,-2.9287,0.16769,0.8236,-1.3747,0.11913,0.86813,-1.1131,1
0.38039,0.3817,0.38039,0.0074521,0.023529,-1.11E-16,-0.0039216,-0.0039216,0,0,0,0.0080845,0,0,0,3.8327,0.083333,4.5,0.45786,0.30414,-0.090981,0.60285,110.75,6.3974,3.0448,1.6111,1.8789,2.21,0.34284,0.4757,0.34272,0.41141,0.34272,0.47569,0.34284,0,-0.0039216,0,1.11E-16,6.1098,0,0,0,0,4.8712,0.037037,371.67,0.21849,0.058616,-0.14867,0.7977,59.722,381.69,4.2737,13.806,178.61,3.8055,0.0075375,0.0074608,0.0074776,1.87E-05,0.00015888,0.0028117,0.0031434,0.0032093,0.0031322,5.54E-05,6.04E-05,3.44E-05,8.21E-05,9.18E-05,0.00014646,0.55081,0.0062274,38.864,0.014938,0.027175,0.0013779,0.026268,1797,171.53,0.35387,0.66565,6.2336,0.22104,0.0060994,0.011696,0.0060976,0.0087795,0.0060976,0.011696,0.0060994,0.00026985,0.0031434,0.00017963,0.0028117,1.9134,0.0011683,0.00019287,0.0014324,0.00018543,0.18642,0.00063767,82629,0.0059141,0.022327,0.00084681,0.0070201,355.08,95277,0.17262,32.312,14804,0.19287,2.1863,2.171,2.1756,6.963,5.9721,4.8038,5.0266,4.6241,4.5543,4.5222,4.7154,6.337,4.4922,4.6957,4.3445,3.7595,20.255,24.992,3.1231,3.5518,2.5803,5.1578,2.1722,40.504,3.2508,5.6016,26.13,2.9374,2.1876,2.1831,2.1889,2.1846,2.1889,2.183,2.1876,4.0985,5.0266,5.6373,4.8038,2.1739,4.5827,5.3383,4.6873,6.7614,7.0075,51.395,4.1662,6.0004,2.7276,4.9079,19.921,2.2617,3.852,5.3738,2.7452,4.0255,4.3926,0.13288,0.14137,0.13964,1.5114,1.3269,-0.1418,0.0032797,-0.11909,0.019288,0.10535,-0.0070881,1.4041,-0.076631,0.0094901,-0.013825,-0.79867,3.3555,3.365,0.49599,-0.95549,0.3243,-1.2952,0.13971,4.4112,-0.41024,1.1987,3.4261,-0.10318,0.13136,0.13468,0.13218,0.13313,0.13218,0.13467,0.13136,0.010888,0.0032797,-0.01607,0.1418,0.13981,0.0023348,-0.00090715,0.03998,0.0046326,-1.7077,5.0355,1.066,1.3963,-0.15183,1.2933,-2.9862,0.24754,1.0043,-1.3135,0.27054,0.96567,-1.0462,1
0.45098,0.45054,0.45098,0.013267,0.039216,-1.11E-16,-0.0039216,-3.33E-16,5.55E-17,0,0,0.014139,0,0,0,3.9302,0.07716,6,0.42435,0.39467,-0.10662,0.65606,135.86,9.9097,3.2205,1.8611,2.4653,2.3145,0.40531,0.56239,0.40531,0.48683,0.40531,0.56239,0.40531,0,-0.0039216,0,1.11E-16,7.2118,-1.11E-16,0,0,0,4.6699,0.04321,299.28,0.26272,0.070759,-0.1384,0.77072,60.25,309.63,4.0487,11.75,157.01,3.5238,0.012167,0.011879,0.011966,0.00010175,0.00082964,0.010041,0.015856,0.013984,0.014399,0.00017901,0.00026959,0.00015375,0.00023292,0.00035258,0.00054816,0.77889,0.010735,162.24,0.022666,0.027394,0.0015103,0.030334,1298.8,801.31,0.51931,1.5861,25.696,0.35756,0.0098676,0.018835,0.0098463,0.014171,0.0098463,0.018835,0.0098676,0.00055097,0.015856,0.00028932,0.010041,3.0561,0.0025942,0.00031853,0.0043824,0.00026026,0.36874,0.0028126,1.22E+05,0.010927,0.027724,0.0011873,0.01418,501.59,1.46E+05,0.32125,44.745,25964,0.34093,3.0045,2.9805,2.989,6.4153,6.1412,4.8881,5.4987,4.9412,5.228,4.9043,5.4427,6.6842,5.9461,6.0475,5.5405,3.8465,18.982,22.5,3.0597,4.696,3.2362,6.7617,2.9682,30.445,3.489,5.5526,25.126,2.7573,3.0063,2.9997,3.0085,3.0019,3.0085,2.9997,3.0063,5.7197,5.4987,11.657,4.8881,2.9852,9.1066,9.7354,7.6455,18.505,8.0632,92.471,4.2359,6.6097,2.6656,4.3351,15.157,2.0724,4.4387,6.1692,2.6334,3.9028,4.2262,-0.22217,-0.19627,-0.20409,1.5289,1.4531,-0.18741,0.15777,-0.11203,0.065088,0.16068,0.13817,1.5742,-0.14144,-0.15155,-0.076491,-0.93164,3.477,3.456,0.6396,-1.4255,0.71359,-1.7845,-0.2095,4.098,-0.64033,1.318,3.5952,-0.1774,-0.22609,-0.21732,-0.22392,-0.22147,-0.22392,-0.21732,-0.22609,-0.042383,0.15777,0.005145,0.18741,-0.20173,0.13002,0.02889,-0.014488,0.024265,-1.7723,7.5308,1.2447,1.4356,-0.18616,1.1325,-2.8003,0.23826,1.3057,-1.353,0.48711,1.1234,-0.93369,1
0.37647,0.37691,0.37647,0.01388,0.039216,1.11E-16,0,5.55E-17,0,0,0,0.014275,0,0,0,4.0277,0.072531,7.5833,0.39817,0.34603,-0.10449,0.65491,106.06,11.342,3.293,2.0833,3.1319,2.4458,0.33871,0.46981,0.3386,0.40668,0.3386,0.46981,0.33871,0,0,0,-1.11E-16,6.0275,0,0,0,0,4.8156,0.03858,365.17,0.23338,0.06311,-0.14538,0.78976,61.278,376.85,4.1972,13.417,181.33,3.7108,0.011614,0.011342,0.011403,7.35E-05,0.00061545,0.0092982,0.01275,0.012177,0.011702,0.00017473,0.00022827,0.00012012,0.00025411,0.00033466,0.00051573,0.58298,0.0062251,132.02,0.016725,0.029375,0.001346,0.023826,1365.3,564.03,0.38608,1.3118,21.764,0.27607,0.0094187,0.017974,0.0094057,0.013522,0.0094057,0.017974,0.0094187,0.00069388,0.01275,0.00046307,0.0092982,2.9165,0.0037606,0.00049421,0.0054083,0.00042047,0.25037,0.001355,1.12E+05,0.0076896,0.025276,0.00094527,0.0091051,411.77,1.27E+05,0.2252,39.557,21691,0.24793,2.5995,2.6035,2.6016,5.9276,5.5636,4.6789,4.5611,4.4556,4.4881,4.5265,4.4355,5.8136,5.4006,5.0592,4.5224,4.1555,23.206,20.985,3.4606,3.8106,3.104,7.5241,2.6042,33.929,3.5979,5.1255,19.84,2.9266,2.5987,2.6,2.6001,2.5991,2.6001,2.6,2.5987,4.6302,4.5611,10.133,4.6789,2.6024,7.1417,8.6179,6.4354,18.337,9.0182,147.41,4.0631,7.1687,2.6943,4.867,20.036,2.2311,4.0141,6.7849,2.6588,3.8756,4.8371,0.14135,0.16524,0.15712,1.3317,1.2498,-0.091729,0.054672,0.0054991,0.021339,0.066543,0.042824,1.3329,-0.090331,-0.048073,-0.02517,-0.98488,3.7379,3.1235,0.7554,-1.1061,0.60422,-1.8004,0.16147,4.0308,-0.63153,1.1157,3.1484,-0.28757,0.13749,0.14594,0.13966,0.14195,0.13966,0.14596,0.13749,-0.0020183,0.054672,0.010892,0.091729,0.16038,0.0062176,0.0089177,-0.0008536,0.0095918,-1.8879,8.8434,1.1324,1.5194,-0.15303,1.2649,-3.1135,0.21086,1.12,-1.4456,0.37115,1.0371,-1.0829,1
0.35686,0.3573,0.35686,0.0042859,0.011765,-5.55E-17,0,-1.11E-16,0,0,0,0.0043844,0,0,0,2.5141,0.20525,0.88889,0.69444,0.34128,-0.071761,0.46094,86.694,1.3765,2.1077,0.66667,0.44444,1.3516,0.32078,0.44507,0.3208,0.38529,0.3208,0.44507,0.32078,0,0,0,5.55E-17,5.7137,0,0,0,0,4.7045,0.041667,261.22,0.25553,0.066554,-0.13872,0.77312,58.333,265.43,4.0724,11.056,135.6,3.555,0.017232,0.017207,0.017218,7.13E-06,6.24E-05,0.00095686,0.0013555,0.0013125,0.0012301,1.69E-05,2.31E-05,1.18E-05,2.22E-05,2.97E-05,4.55E-05,0.92114,0.040466,2.4652,0.016715,0.031451,0.0018915,0.051586,2329.8,12.263,0.51099,0.15063,0.39267,0.17205,0.013926,0.026792,0.013925,0.020083,0.013925,0.026792,0.013926,4.46E-05,0.0013555,3.16E-05,0.00095686,4.4063,0.00022055,3.35E-05,0.00029806,5.76E-05,0.27701,0.0011647,91896,0.0087147,0.026028,0.0010588,0.01052,475.29,1.07E+05,0.25525,39.135,18404,0.28941,2.6231,2.6245,2.624,20.298,15.861,4.9609,6.9372,5.9934,5.5936,5.2085,6.9083,16.632,5.0353,7.5887,5.7372,2.7724,4.868,4348.5,2.8997,2.1791,1.9987,2.225,2.6169,3376.9,3.0357,17.448,6158.2,3.6422,2.6229,2.6233,2.623,2.6231,2.623,2.6233,2.6229,7.1919,6.9372,4.4307,4.9609,2.6242,4.8586,5.4184,10.198,3.5161,5.3831,40.392,4.6738,4.6835,2.6806,3.9415,13.492,2.0743,4.6227,4.0485,2.6918,4.324,3.2542,0.60774,0.60952,0.60891,2.1477,1.8626,0.021852,0.060019,0.021896,0.004085,-0.020856,0.045047,1.7931,0.019037,0.0011994,0.01914,-0.30151,1.5553,41.603,-0.095737,-0.68672,0.15581,-0.68901,0.60542,33.116,-0.36851,1.6991,51.509,-0.055008,0.60749,0.60807,0.60759,0.6078,0.60759,0.60807,0.60749,0.0030422,0.060019,-0.0070086,-0.021852,0.60913,0.03969,0.0047758,0.046714,-0.0041649,-1.3841,4.4352,1.3205,1.1124,-0.1368,1.0233,-2.4235,0.2997,1.333,-0.98485,0.53306,1.1739,-0.71907,1
0.39918,0.39918,0.39918,0.0057867,0.015625,-5.55E-17,0,-1.11E-16,5.55E-17,0,0,0.0061764,0,0,0,2.6026,0.18981,1.1667,0.67222,0.36116,-0.078868,0.49765,85.333,1.9344,2.2093,0.75,0.59877,1.4591,0.35889,0.49783,0.35888,0.43104,0.35888,0.49783,0.35889,0,0,0,5.55E-17,6.3868,0,0,0,0,4.4477,0.052469,191.44,0.29469,0.062351,-0.1297,0.7412,59.417,192.31,3.8292,9.1667,107.42,3.2834,0.017142,0.017079,0.017107,2.73E-05,0.00021126,0.0024587,0.0035417,0.0033017,0.0033818,4.05E-05,5.75E-05,3.70E-05,5.30E-05,7.48E-05,0.00012327,1.1363,0.044862,10.537,0.022854,0.032592,0.0022689,0.062109,1691.4,52.512,0.67666,0.36377,2.0335,0.29434,0.013859,0.026642,0.013854,0.019978,0.013854,0.026642,0.013859,5.06E-05,0.0035417,3.60E-05,0.0024587,4.3756,0.00066799,3.47E-05,0.00098543,5.92E-05,0.50071,0.0039714,1.19E+05,0.014021,0.028526,0.0014378,0.02027,543.04,1.33E+05,0.42785,46.883,26230,0.42763,3.0377,3.0405,3.0396,9.3871,9.0736,7.0343,7.3638,6.2629,5.9672,6.9027,7.2129,8.9323,9.6159,9.8755,7.2766,2.595,4.6906,68.625,2.5782,2.1933,1.966,2.1106,3.0216,87.755,2.8357,8.6336,56.178,3.2089,3.0367,3.0381,3.0381,3.0372,3.0381,3.0381,3.0367,8.8159,7.3638,4.5754,7.0343,3.0399,7.2464,4.8207,7.2353,3.8215,5.3131,43.81,5.6489,5.0885,2.7241,3.5957,9.9916,1.9233,5.5624,4.1385,3.0559,5.2158,3.2161,0.5827,0.58611,0.58467,1.9698,1.8937,-0.051381,-0.05691,-0.17377,-0.19972,0.043431,-0.057734,1.8761,-0.10685,0.078265,0.16294,-0.20201,1.5216,5.703,-0.11648,-0.78425,0.22473,-0.70151,0.57798,6.4828,-0.24189,1.7744,5.363,0.16189,0.58196,0.58332,0.58268,0.58259,0.58268,0.58332,0.58196,0.0059261,-0.05691,0.0062705,0.051381,0.58537,0.013794,-0.0056405,0.030928,-0.0015514,-1.343,5.0468,1.6611,1.1912,-0.080374,0.92529,-2.2304,0.26692,1.6502,-0.96914,0.80802,1.5277,-0.64598,1
0.28627,0.28976,0.28627,0.014933,0.043137,1.11E-16,5.55E-17,0.0078431,0.0039216,0,0,0.015808,0,0,0,4.1626,0.064815,9.8889,0.3784,0.36626,-0.11264,0.68126,57.111,15.23,3.4302,2.3611,4.1941,2.5903,0.2593,0.36048,0.25869,0.31104,0.25869,0.36048,0.2593,0,5.55E-17,0,-1.11E-16,4.6322,-0.0016194,0,-0.0011511,0,4.649,0.04321,270.79,0.26064,0.058482,-0.13734,0.76739,62.556,269.17,4.0277,11.25,140.58,3.5305,0.007582,0.007276,0.0073932,0.00013515,0.0010956,0.01949,0.014668,0.018641,0.018606,0.00034237,0.00026672,0.00021928,0.00044307,0.00037999,0.00073343,0.65314,0.0090908,416.16,0.017683,0.030915,0.0014714,0.025375,997.42,2201.7,0.46731,2.4147,66.966,0.32693,0.0061606,0.011691,0.0061568,0.0088135,0.0061568,0.011691,0.0061606,0.00087734,0.014668,0.00061922,0.01949,1.8771,0.0042908,0.00063664,0.0051078,0.0007545,0.33108,0.0016654,99602,0.0098636,0.025983,0.0012066,0.013703,527.34,1.18E+05,0.29966,42.153,20146,0.32856,3.1605,3.1407,3.1771,6.2123,5.6074,5.2206,6.4569,5.0623,5.5088,5.1112,6.0157,6.3122,5.6058,5.9931,5.686,5.5883,32.741,18.052,4.6218,4.2344,3.3441,8.5275,3.1684,24.706,4.7333,5.6772,16.709,3.6794,3.157,3.1563,3.1692,3.1539,3.1692,3.1562,3.157,4.4864,6.4569,5.7539,5.2206,3.1445,5.6421,4.9534,5.3773,6.3333,5.6259,38.83,4.5718,4.8187,2.6804,3.9666,12.899,1.8114,4.3415,4.1824,2.5898,4.2185,3.2239,0.70594,0.7245,0.72636,1.6022,1.4615,0.053915,-0.0041906,-0.093769,-0.14654,-0.060182,-0.05935,1.6263,0.047572,-0.17026,0.021362,-1.3436,4.7857,3.1142,0.97891,-1.2736,0.74521,-2.0498,0.73578,3.7406,-0.91489,1.4276,2.9924,-0.39072,0.7011,0.70994,0.70561,0.7053,0.70561,0.7099,0.7011,0.051427,-0.0041906,-0.18855,-0.053915,0.7213,-0.0031124,0.016234,0.028186,0.086955,-1.4383,4.5547,1.2757,1.1155,-0.15663,1.0512,-2.4955,0.07515,1.249,-1.0211,0.49232,1.129,-0.72088,1
0.35686,0.35599,0.35686,0.016418,0.047059,-0.010145,-2.78E-17,-0.0078431,0.0062237,0,0,0.017647,0,0,0,4.086,0.069444,9.5556,0.37823,0.36477,-0.10965,0.67127,68.958,15.221,3.3911,2.3333,3.9715,2.5552,0.32158,0.44547,0.32163,0.38573,0.32163,0.44546,0.32158,0,-2.78E-17,0,0.010145,5.698,-0.0039216,0,-5.55E-17,0,4.7045,0.041667,259.67,0.25716,0.058006,-0.13834,0.77251,60.111,257.18,4.0651,11.028,134.34,3.5572,0.018923,0.018614,0.018725,0.00015586,0.0012774,0.021532,0.017452,0.020251,0.022274,0.00037896,0.00031483,0.00024599,0.0005087,0.00045076,0.00090819,0.62751,0.0073154,416.37,0.017368,0.030801,0.0014452,0.024518,2043.2,1968.8,0.45104,2.3417,64.208,0.32408,0.01533,0.029324,0.015318,0.022036,0.015318,0.029324,0.01533,0.0010049,0.017452,0.0007009,0.021532,4.779,0.00557,0.00069946,0.0061445,0.00080147,0.32538,0.001356,1.05E+05,0.010565,0.024966,0.0011899,0.013003,541.83,1.18E+05,0.3159,45.96,20816,0.36564,2.465,2.4719,2.4691,8.1182,7.4141,5.587,7.2584,5.2855,5.9094,5.4685,6.903,8.1831,5.9148,7.229,6.3644,4.56,31.017,20.526,3.8622,4.4082,3.1432,7.7701,2.5163,27.552,3.9122,6.7369,18.974,3.2089,2.4647,2.4662,2.4638,2.4657,2.4638,2.4661,2.4647,6.2499,7.2584,5.2671,5.587,2.4704,6.3138,6.4078,6.1321,6.3809,5.2258,30.023,4.7125,4.6984,2.7173,3.8571,11.882,1.7969,4.2564,4.0017,2.5539,4.2669,3.2983,0.56967,0.58064,0.5775,1.8708,1.7362,-0.40366,0.29722,-0.050349,0.47622,0.3792,0.26382,1.8544,-0.40032,-0.3243,-0.48557,-1.0781,4.4253,3.5721,0.81414,-1.2833,0.64218,-1.8564,0.59377,4.1978,-0.72327,1.598,3.4294,-0.25514,0.56811,0.57199,0.56825,0.57036,0.56825,0.572,0.56811,0.23355,0.29722,0.042563,0.40366,0.57865,-0.0081505,0.062832,0.0072942,0.00049797,-1.3981,3.9457,1.3072,1.1529,-0.093363,1.0311,-2.3494,0.17239,1.2468,-1.0418,0.46768,1.1556,-0.80131,1
0.43922,0.43791,0.43922,0.0089378,0.027451,-5.55E-17,-5.55E-17,-5.55E-17,0,0,0,0.0098039,0,0,0,3.3832,0.1142,2.1667,0.55768,0.30539,-0.076448,0.52601,108.44,3.1358,2.6338,1.1111,0.95293,1.8205,0.39419,0.54672,0.3942,0.47362,0.3942,0.54672,0.39419,0,-5.55E-17,0,5.55E-17,7.0078,0,0,0,0,4.8712,0.037037,365.64,0.22073,0.059059,-0.14828,0.79613,60.306,372.9,4.2601,13.667,175.76,3.7873,0.020156,0.020058,0.020088,1.92E-05,0.00016705,0.0036146,0.0042071,0.0043091,0.00408,6.97E-05,7.89E-05,3.75E-05,0.00010209,0.00011382,0.00018125,0.57511,0.0095326,4.4909,0.012503,0.028052,0.0013341,0.030568,1576.9,23.75,0.31753,0.21349,0.64961,0.14164,0.016297,0.031315,0.016295,0.023485,0.016295,0.031315,0.016297,0.00031085,0.0042071,0.00021834,0.0036146,5.1395,0.0014086,0.00022788,0.0015551,0.00022599,0.18855,0.00060477,87556,0.0060006,0.022739,0.0008494,0.0069515,383.95,1.01E+05,0.17711,34.093,16077,0.20317,2.7024,2.7028,2.7034,6.5778,6.2748,3.8751,4.0103,4.2162,3.7844,3.6655,3.7828,5.258,3.5149,3.636,3.4688,3.204,11.326,22.799,2.932,3.2159,2.3512,3.9291,2.6952,33.91,3.0989,5.653,19.973,3.0626,2.702,2.7026,2.7024,2.7023,2.7024,2.7026,2.702,3.2997,4.0103,4.3274,3.8751,2.7029,3.8099,4.2816,3.896,5.58,6.3388,40.332,4.05,5.4325,2.7407,4.6865,17.954,2.2035,3.8764,4.8878,2.6635,3.9477,4.107,-0.058492,-0.057745,-0.058284,1.3698,1.2766,-0.094304,0.065537,-0.073239,0.053418,0.071683,0.048502,1.1073,-0.041638,-0.031597,-0.027006,-0.46509,2.4308,3.0913,0.20487,-0.85749,0.21499,-1.0395,-0.062129,4.0161,-0.22572,1.0619,2.8207,-0.0076709,-0.058574,-0.058461,-0.058397,-0.058565,-0.058397,-0.058468,-0.058574,0.0011161,0.065537,0.00049693,0.094304,-0.058033,0.011208,-0.004121,0.026917,-0.00055893,-1.6059,4.4521,1.0518,1.3023,-0.14312,1.2443,-2.7849,0.23016,1.033,-1.2251,0.26786,0.96742,-0.99808,1
0.18824,0.18649,0.18824,0.02931,0.086275,-0.0039216,-0.0039216,-0.0039216,1.11E-16,0,0,0.030628,0,0,0,4.6144,0.044753,25.25,0.28196,0.26799,-0.12355,0.73105,54.778,34.249,3.8373,3.8611,10.212,3.1026,0.16951,0.23453,0.16931,0.20332,0.16931,0.23454,0.16951,0,-0.0039216,0,0.0039216,2.9922,-0.0039216,0,-4.16E-17,0,4.8921,0.035494,406.83,0.2125,0.075472,-0.14934,0.80001,61.611,441.32,4.3083,14.528,194.5,3.8429,0.0059946,0.0048402,0.0050252,0.00033736,0.0027821,0.057331,0.033311,0.048526,0.044866,0.0011466,0.00078937,0.00063088,0.0019189,0.0011694,0.0024641,0.24036,0.00088603,1922.3,0.0079181,0.021658,0.0010746,0.010935,420.85,6681.1,0.21715,4.4331,330.1,0.21242,0.0049351,0.0088937,0.0050275,0.0068211,0.0050275,0.008893,0.0049351,0.0063862,0.033311,0.0044913,0.057331,1.2838,0.03484,0.0032925,0.015002,0.0028659,0.16932,0.00053101,58759,0.004854,0.022314,0.00079802,0.0062829,304.07,75964,0.14695,22.263,10159,0.15896,3.5277,3.3762,3.535,10.429,8.2637,6.8875,4.3222,7.0067,4.7401,6.1415,4.305,9.4684,6.246,4.3236,4.5249,4.9574,32.524,38.093,4.3879,3.6236,3.059,8.1976,3.1852,75.706,3.5865,7.148,45.135,3.1039,3.5163,3.4983,3.5748,3.4922,3.5748,3.496,3.5163,4.5046,4.3222,5.4876,6.8875,3.4037,5.658,5.3039,4.4524,7.4355,6.7718,46.881,4.4101,5.3687,2.6939,5.0548,21.939,2.2688,3.4757,5.1977,3.0815,4.203,3.9983,0.54667,0.63941,0.63874,1.958,1.6976,-0.40419,0.035632,-0.33584,0.21405,0.32525,0.013566,1.8556,-0.34343,-0.028615,-0.17202,-1.219,3.8862,4.3692,0.96885,-0.85755,0.62281,-1.6612,0.58114,6.1845,-0.66123,1.5215,4.7429,-0.32329,0.53718,0.56552,0.53949,0.55256,0.53949,0.56499,0.53718,-0.045301,0.035632,0.0030493,0.40419,0.62194,-0.060163,-0.012806,0.031537,-0.030757,-1.6714,4.8521,1.0613,1.2556,-0.23447,1.3126,-3.0902,0.14741,0.81464,-1.2721,0.31814,0.93397,-0.93835,1
0.45098,0.45098,0.45098,0.015822,0.047059,-1.11E-16,0,-5.55E-17,1.11E-16,0,0,0.016867,0,0,0,4.0378,0.070988,6.4722,0.40994,0.35233,-0.10218,0.65043,99.417,9.9784,3.276,1.9444,2.6451,2.4088,0.40555,0.56269,0.40553,0.48706,0.40553,0.56269,0.40555,0,0,0,1.11E-16,7.2196,-1.11E-16,0,-1.11E-16,0,4.8156,0.03858,340.92,0.23459,0.067577,-0.1454,0.78976,60.667,353.3,4.1972,12.917,170.73,3.7068,0.02684,0.026495,0.02661,8.01E-05,0.00066284,0.012927,0.015516,0.015165,0.015752,0.00023454,0.00027465,0.00014058,0.00032717,0.0003648,0.00063199,0.42843,0.0031244,68.241,0.01169,0.027178,0.0012898,0.020334,2103,386.97,0.30051,0.82273,9.6493,0.18106,0.021723,0.041636,0.021717,0.03126,0.021717,0.041636,0.021723,0.00080044,0.015516,0.00046063,0.012927,6.8003,0.00457,0.00048257,0.0043622,0.0004394,0.22763,0.00083912,94837,0.0070135,0.025691,0.00094161,0.0084724,431,1.13E+05,0.20976,36.094,18344,0.23412,2.4514,2.4484,2.4485,7.9489,7.1076,3.744,5.235,4.2516,4.6478,3.664,4.8506,6.5927,3.554,4.5875,4.1995,3.6654,20.152,35.611,3.2621,4.3917,2.8144,6.4401,2.4454,46.346,3.0619,7.4405,33.231,3.0652,2.4514,2.4504,2.4527,2.4505,2.4527,2.4504,2.4514,3.5428,5.235,5.1369,3.744,2.4486,3.6462,4.7546,4.0035,8.1931,6.0303,40.299,4.3848,5.0977,2.6624,4.4995,17.018,2.0891,4.0741,4.6086,2.7392,4.186,3.7724,0.32339,0.32818,0.32608,1.6235,1.4854,0.028408,-0.094256,-0.079562,-0.1702,-0.025824,-0.087648,1.3826,0.019888,0.062235,0.11796,-0.7807,3.1954,4.1213,0.52524,-1.2548,0.46678,-1.493,0.32585,4.8725,-0.37132,1.4548,3.9346,-0.088385,0.32273,0.32414,0.32321,0.3234,0.32321,0.32414,0.32273,-0.0044473,-0.094256,0.0017366,-0.028408,0.32701,0.073463,-0.0013516,0.1237,0.0048745,-1.5387,4.4991,1.1918,1.2273,-0.19782,1.1976,-2.7621,0.20845,1.1303,-1.1601,0.39371,1.0849,-0.90368,1
0.35294,0.35338,0.35294,0.014933,0.043137,-5.55E-17,0.0039216,3.33E-16,0.0039216,0,0,0.013865,0,0,0,3.9749,0.074074,6.9722,0.40667,0.10996,-0.083438,0.58859,98.333,7.4691,3.1315,2,2.8789,2.4448,0.31795,0.44109,0.31804,0.38178,0.31804,0.4411,0.31795,0,0.0039216,0,5.55E-17,5.6549,0,0,0,0,4.9477,0.033951,473.31,0.18824,0.029562,-0.1537,0.81068,61.5,462.18,4.4058,16.306,205.71,3.9722,0.022221,0.021964,0.021986,4.38E-05,0.00041523,0.0060652,0.0070652,0.006718,0.0069558,0.00015203,0.00017451,8.74E-05,0.00043061,0.00040786,0.00060612,0.42457,0.0036219,53.789,0.013019,0.033172,0.0011492,0.020594,1691.6,88.318,0.26411,0.80572,8.1992,0.21158,0.017992,0.034438,0.017995,0.025864,0.017995,0.034438,0.017992,0.0010341,0.0070652,0.002034,0.0060652,5.629,0.010855,0.0015966,0.008845,0.0029097,0.11094,0.00025313,75096,0.0032131,0.017071,0.00062284,0.0039582,262.41,78791,0.1016,25.387,12085,0.11219,2.3774,2.3693,2.3711,4.2407,4.0206,3.5637,4.3908,3.9477,3.9529,3.6816,3.9899,4.7028,4.1455,4.302,3.7676,4.066,22.494,10.328,3.4138,2.5815,2.5579,5.1048,2.3745,22.381,3.4253,3.8682,9.8085,2.9653,2.3783,2.3753,2.3781,2.3766,2.3781,2.3753,2.3783,3.759,4.3908,5.095,3.5637,2.3704,4.1188,5.9014,4.3828,10.991,6.8948,39.938,3.7661,6.2007,2.9288,5.2732,20.071,2.5389,3.6722,5.3661,2.8499,4.0001,4.6554,0.10986,0.12441,0.12307,0.81475,0.79743,0.012543,0.054677,0.037903,0.02432,-0.00011507,0.015432,1.0811,-0.0022431,-0.0045574,0.0021026,-0.91852,3.4336,2.0758,0.70018,-0.26233,0.15972,-1.1714,0.12098,3.0464,-0.52635,0.76681,2.003,-0.35129,0.10731,0.11424,0.10715,0.11154,0.10715,0.11423,0.10731,0.0016514,0.054677,-0.0035796,-0.012543,0.123,-0.011297,0.010641,-0.014291,-0.0027172,-1.7404,4.265,0.8668,1.4188,-0.026032,1.3623,-2.7787,0.17812,0.86595,-1.3063,0.12345,0.89862,-1.0755,1
0.37255,0.37255,0.37255,0.011053,0.031373,-0.0039216,0,-0.0039216,0.0078431,0,0,0.011927,0,0,0,3.8163,0.084877,4.6944,0.45395,0.37849,-0.099106,0.62818,86.528,7.7986,3.0997,1.6389,1.99,2.2094,0.33474,0.4644,0.33469,0.40213,0.33469,0.4644,0.33474,0,0,0,0.0039216,5.9608,-1.11E-16,0,-5.55E-17,0,4.6835,0.04321,285.9,0.26028,0.068398,-0.13794,0.76925,59.028,289.07,4.0515,11.528,147.76,3.5402,0.016488,0.016306,0.016384,6.69E-05,0.00056084,0.0095401,0.0087719,0.010049,0.010001,0.00016525,0.00015272,0.0001085,0.00020141,0.00019334,0.00035323,0.64459,0.0077891,87.827,0.018081,0.026794,0.00158,0.030525,1989.4,527.33,0.45202,1.0975,11.519,0.26504,0.013341,0.025588,0.013337,0.019206,0.013337,0.025588,0.013341,0.0004031,0.0087719,0.00019653,0.0095401,4.1841,0.001531,0.00023078,0.0016944,0.0004695,0.34902,0.0017434,99395,0.010893,0.026055,0.0012141,0.013754,503.72,1.19E+05,0.31906,41.129,20309,0.35097,2.5912,2.5913,2.5935,6.9739,6.802,6.2047,4.3958,5.1938,5.692,5.861,4.3137,6.4797,5.4724,4.1476,5.3175,3.4211,17.464,29.504,2.8756,4.207,2.6209,5.0406,2.5736,34.099,2.9527,7.1688,24.963,2.8332,2.59,2.591,2.5926,2.59,2.5926,2.591,2.59,4.2728,4.3958,4.0084,6.2047,2.591,4.6472,3.784,4.0177,4.0531,5.4517,38.07,4.6341,4.8016,2.6717,3.8704,12.084,1.9819,4.3748,4.2435,2.6753,4.2957,3.4056,0.43466,0.43739,0.438,1.6536,1.6164,0.15972,-0.29434,-0.42766,-0.52648,-0.13972,-0.28232,1.5419,0.060552,0.22405,0.40666,-0.68132,3.1304,3.9631,0.33447,-1.2661,0.45672,-1.3421,0.42983,4.3388,-0.31594,1.6292,3.6135,0.086668,0.43342,0.43517,0.43524,0.43403,0.43524,0.43517,0.43342,0.04275,-0.29434,-0.0078987,-0.15972,0.43681,0.010001,0.00070223,0.13872,-0.0028735,-1.4362,4.4209,1.2909,1.1828,-0.17313,1.0334,-2.3953,0.26114,1.2664,-1.088,0.45866,1.1551,-0.81733,1
0.31434,0.31521,0.31434,0.005168,0.015686,0,0,0,0,0,0,0.0055459,0,0,0,2.6684,0.18364,1.1389,0.66389,0.27894,-0.067836,0.45623,24.806,1.6875,2.2018,0.75,0.55556,1.4591,0.28262,0.39229,0.28262,0.33951,0.28262,0.39229,0.28262,0,0,0,0,5.0423,0,0,0,0,4.7391,0.040123,306.72,0.24621,0.061094,-0.14101,0.77949,60.167,311.01,4.1179,12.111,155.9,3.6179,0.0027234,0.0026753,0.0026886,1.89E-05,0.00015156,0.0016981,0.0021145,0.0021688,0.0020067,3.03E-05,3.70E-05,2.51E-05,5.53E-05,5.82E-05,0.00010069,1.1264,0.046477,12.484,0.023691,0.037328,0.0018328,0.052331,317.82,35.297,0.6432,0.37756,2.9197,0.31143,0.0022065,0.004219,0.0022055,0.0031709,0.0022055,0.004219,0.0022065,8.77E-05,0.0021145,7.68E-05,0.0016981,0.68693,0.0013265,6.58E-05,0.0011233,0.00010209,0.47634,0.0095608,95849,0.013324,0.026524,0.0012171,0.016169,422.26,1.11E+05,0.40288,38.295,18733,0.3869,6.502,6.5385,6.5394,9.2143,8.1236,7.2386,6.0946,6.1399,6.5748,6.9225,5.9365,8.2822,14.033,9.7134,9.3622,2.7753,5.5876,57.149,2.5912,2.8369,1.9957,2.2112,6.4629,79.44,3.1204,7.8544,77.763,3.3912,6.4816,6.5073,6.517,6.4895,6.517,6.5072,6.4816,5.959,6.0946,11.622,7.2386,6.5284,14.136,10.518,11.143,9.2023,19.123,75.194,4.7199,16.301,2.6588,5.1811,18.233,2.1565,4.4301,15.912,2.8063,4.4263,10.874,1.4615,1.4717,1.47,1.9517,1.7587,-0.017342,-0.2149,-0.20603,-0.30998,0.010738,-0.1973,1.783,-0.079877,0.24978,0.21983,-0.39313,1.7503,5.5765,0.012255,-0.66672,0.061833,-0.63235,1.4588,6.4244,-0.4226,1.6956,6.4519,0.063508,1.4578,1.4633,1.4632,1.4599,1.4632,1.4633,1.4578,-0.012498,-0.2149,-0.013783,0.017342,1.4693,-0.049516,-0.0067217,0.12195,-0.007869,-3.2561,8.1593,1.3009,2.8344,-0.1642,1.3625,-3.3392,0.24809,1.249,-2.774,0.44785,1.1709,-2.06,1
0.50588,0.50588,0.50588,0.0074521,0.023529,-5.55E-17,0,0,0,0,0,0.0080845,0,0,0,3.6105,0.097222,2.9722,0.51104,0.42313,-0.10047,0.62017,110.28,5.3951,2.9183,1.3056,1.2562,1.9668,0.45472,0.63086,0.45472,0.54614,0.45472,0.63086,0.45472,0,0,0,5.55E-17,8.0902,0,0,0,0,4.5588,0.04784,236.08,0.2825,0.078891,-0.13432,0.75624,59.5,242.3,3.9404,10.222,128.52,3.3855,0.0089723,0.008875,0.0089213,3.26E-05,0.00027464,0.0032914,0.0056396,0.0047621,0.005137,5.56E-05,9.22E-05,4.89E-05,6.50E-05,0.00010683,0.00016849,0.85648,0.01486,43.522,0.022462,0.024404,0.0016037,0.036646,1570.1,263.17,0.54222,0.80623,5.2848,0.2784,0.0072608,0.013927,0.0072542,0.010455,0.0072542,0.013927,0.0072608,0.00010711,0.0056396,4.65E-05,0.0032914,2.2776,0.00043928,5.28E-05,0.00075593,7.30E-05,0.38184,0.001975,1.05E+05,0.01112,0.02956,0.0012235,0.014486,558.35,1.28E+05,0.33464,41.471,22999,0.36133,2.5166,2.5177,2.5164,7.786,7.4886,4.2195,5.6373,5.4784,5.1997,4.1518,5.4942,7.1386,4.1965,5.607,5.1487,3.2744,13.174,32.244,2.7358,4.9967,2.9545,5.0685,2.5218,35.495,3.1524,7.7047,29.188,3.0325,2.5162,2.5167,2.5171,2.5162,2.5171,2.5167,2.5162,3.8391,5.6373,4.6849,4.2195,2.5173,4.4205,4.551,5.7454,4.4896,4.683,27.356,5.2246,3.8781,2.6208,3.7153,11.636,1.9556,5.1784,3.6052,2.9199,4.7648,2.835,-0.067259,-0.065394,-0.066744,1.7865,1.7206,0.040767,-0.26498,-0.29182,-0.24005,-0.036044,-0.25613,1.6394,0.039176,0.23231,0.21724,-0.64365,2.8375,4.2961,0.24696,-1.5772,0.68157,-1.4948,-0.064823,4.5328,-0.42417,1.7243,4.044,0.080574,-0.067856,-0.066966,-0.067006,-0.067547,-0.067006,-0.066969,-0.067856,-0.0088933,-0.26498,0.010694,-0.040767,-0.065855,-0.051155,0.00042787,0.073438,0.012508,-1.2515,3.8441,1.5053,0.92881,-0.17572,0.94648,-2.3054,0.23677,1.5248,-0.87568,0.68312,1.3633,-0.56573,1
0.34118,0.33987,0.34118,0.0066333,0.019608,-5.55E-17,-1.11E-16,-1.67E-16,0,0,0,0.0070697,0,0,0,3.1661,0.13426,2,0.58097,0.28113,-0.07639,0.51858,71,2.9444,2.529,1.0278,0.90972,1.7472,0.30621,0.42472,0.30628,0.36793,0.30628,0.42472,0.30621,0,-1.11E-16,0,5.55E-17,5.4392,0,0,0,0,4.7255,0.041667,290.56,0.24916,0.055715,-0.14009,0.77455,59.694,291.25,4.0934,11.806,147.43,3.593,0.0088028,0.0087223,0.0087493,3.08E-05,0.00023948,0.0026797,0.0035839,0.0034006,0.003507,4.72E-05,6.11E-05,3.86E-05,8.44E-05,0.00011286,0.00018301,0.84135,0.021034,46.668,0.01969,0.043958,0.0016284,0.042103,1119.1,133.12,0.48288,0.64392,10.715,0.28576,0.0071248,0.013662,0.0071194,0.010256,0.0071194,0.013662,0.0071248,0.00011166,0.0035839,0.00010601,0.0026797,2.2362,0.0019896,0.00012122,0.0028903,0.00016232,0.28219,0.0011846,1.01E+05,0.0086771,0.026522,0.0010781,0.01095,460.79,1.14E+05,0.26319,40.552,19962,0.29016,2.9944,2.993,2.9952,12.491,12.276,7.449,7.7737,7.8831,7.0245,7.0805,7.5049,12.604,10.784,11.187,9.1955,3.0207,8.7902,63.83,2.6991,3.6235,2.2959,3.2976,3.0039,92.551,3.1797,10.605,61.104,3.0717,2.9928,2.9938,2.9969,2.9926,2.9969,2.9938,2.9928,6.455,7.7737,10.115,7.449,2.9928,9.397,10.827,8.6433,10.07,5.4944,38.502,4.5881,5.0366,2.6666,4.0756,13.736,2.0572,4.466,4.1836,2.6917,4.3708,3.4566,0.6273,0.62997,0.63003,2.3869,2.3034,-0.17687,-0.061106,-0.33827,-0.13855,0.16129,-0.074509,2.265,-0.26659,0.16974,0.11744,-0.46444,2.2389,6.0901,0.13723,-1.0017,0.2279,-1.0001,0.63281,7.302,-0.28931,2.1039,6.0575,0.2921,0.62637,0.62779,0.62763,0.62695,0.62763,0.62779,0.62637,0.042006,-0.061106,0.017761,0.17687,0.62938,-0.024509,0.0015733,0.022256,-0.007976,-1.4257,4.3921,1.292,1.2018,-0.1194,1.0785,-2.4976,0.25403,1.2836,-1.0464,0.48317,1.1824,-0.80139,1
